categoria_evento_id,torneo_id,anio,codigo_categoria,descripcion_categoria,modalidad,sexo,edad_max,nivel,num_competidores,num_combates,duracion_teorica_seg,duracion_real_seg,retraso_acumulado_seg
1,1,2023,B1,4-5 AÑOS NIÑAS,KUMITE,FEMENINO,5,GENERAL,0,0,0,0,0
2,1,2023,B2,4-5 AÑOS NIÑOS,KUMITE,MASCULINO,5,GENERAL,9,8,720,931,211
3,1,2023,B3,6 AÑOS FEMENINO PRINCIPIANTES -19 Kg,KUMITE,FEMENINO,6,PRINCIPIANTES,4,3,270,358,88
4,1,2023,B4,6 AÑOS FEMENINO PRINCIPIANTES +19 Kg,KUMITE,FEMENINO,6,PRINCIPIANTES,0,0,0,0,0
5,1,2023,B5,6 AÑOS MASCULINO PRINCIPIANTES -20 Kg,KUMITE,MASCULINO,6,PRINCIPIANTES,0,0,0,0,0
6,1,2023,B6,6 AÑOS MASCULINO PRINCIPIANTES +20 Kg,KUMITE,MASCULINO,6,PRINCIPIANTES,0,0,0,0,0
7,1,2023,B7,6 AÑOS FEMENINO NOVATOS -19 Kg,KUMITE,FEMENINO,6,NOVATOS,0,0,0,0,0
8,1,2023,B8,6 AÑOS FEMENINO NOVATOS +19 Kg,KUMITE,FEMENINO,6,NOVATOS,3,2,180,208,28
9,1,2023,B9,6 AÑOS MASCULINO NOVATOS -18 Kg,KUMITE,MASCULINO,6,NOVATOS,3,2,180,223,43
10,1,2023,B10,6 AÑOS MASCULINO NOVATOS +20 Kg,KUMITE,MASCULINO,6,NOVATOS,3,2,180,180,0
11,1,2023,B11,7 AÑOS FEMENINO PRINCIPIANTES -20 Kg,KUMITE,FEMENINO,7,PRINCIPIANTES,0,0,0,0,0
12,1,2023,B12,7 AÑOS FEMENINO PRINCIPIANTES +20 Kg,KUMITE,FEMENINO,7,PRINCIPIANTES,7,6,540,619,79
13,1,2023,B13,7 AÑOS MASCULINO PRINCIPIANTES -22 Kg,KUMITE,MASCULINO,7,PRINCIPIANTES,4,3,270,330,60
14,1,2023,B14,7 AÑOS MASCULINO PRINCIPIANTES +22 Kg,KUMITE,MASCULINO,7,PRINCIPIANTES,0,0,0,0,0
15,1,2023,B15,7 AÑOS FEMENINO NOVATOS -20 Kg,KUMITE,FEMENINO,7,NOVATOS,2,1,90,101,11
16,1,2023,B16,7 AÑOS FEMENINO NOVATOS +20 Kg,KUMITE,FEMENINO,7,NOVATOS,1,0,0,0,0
17,1,2023,B17,7 AÑOS MASCULINO NOVATOS -22 Kg,KUMITE,MASCULINO,7,NOVATOS,0,0,0,0,0
18,1,2023,B18,7 AÑOS MASCULINO NOVATOS +22 Kg,KUMITE,MASCULINO,7,NOVATOS,3,2,180,254,74
19,1,2023,B19,8-9 AÑOS FEMENINO PRINCIPIANTES -28 Kg,KUMITE,FEMENINO,9,PRINCIPIANTES,3,2,180,199,19
20,1,2023,B20,8-9 AÑOS FEMENINO PRINCIPIANTES +28 Kg,KUMITE,FEMENINO,9,PRINCIPIANTES,1,0,0,0,0
21,1,2023,B21,8-9 AÑOS MASCULINO PRINCIPIANTES -28 Kg,KUMITE,MASCULINO,9,PRINCIPIANTES,3,2,180,217,37
22,1,2023,B22,8-9 AÑOS MASCULINO PRINCIPIANTES -36 Kg,KUMITE,MASCULINO,9,PRINCIPIANTES,0,0,0,0,0
23,1,2023,B23,8-9 AÑOS MASCULINO PRINCIPIANTES +36 Kg,KUMITE,MASCULINO,9,PRINCIPIANTES,0,0,0,0,0
24,1,2023,B24,8-9 AÑOS FEMENINO NOVATOS -28 Kg,KUMITE,FEMENINO,9,NOVATOS,3,2,180,227,47
25,1,2023,B25,8-9 AÑOS FEMENINO NOVATOS +28 Kg,KUMITE,FEMENINO,9,NOVATOS,3,2,180,250,70
26,1,2023,B26,8-9 AÑOS MASCULINO NOVATOS -28 Kg,KUMITE,MASCULINO,9,NOVATOS,5,4,360,398,38
27,1,2023,B27,8-9 AÑOS MASCULINO NOVATOS -36 Kg,KUMITE,MASCULINO,9,NOVATOS,0,0,0,0,0
28,1,2023,B28,8-9 AÑOS MASCULINO NOVATOS +36 Kg,KUMITE,MASCULINO,9,NOVATOS,1,0,0,0,0
29,1,2023,B29,8-9 AÑOS FEMENINO AVANZADOS -28 Kg,KUMITE,FEMENINO,9,AVANZADOS,3,2,180,245,65
30,1,2023,B30,8-9 AÑOS FEMENINO AVANZADOS +28 Kg,KUMITE,FEMENINO,9,AVANZADOS,1,0,0,0,0
31,1,2023,B31,8-9 AÑOS MASCULINO AVANZADOS -28 Kg,KUMITE,MASCULINO,9,AVANZADOS,5,4,360,450,90
32,1,2023,B32,8-9 AÑOS MASCULINO AVANZADOS -36 Kg,KUMITE,MASCULINO,9,AVANZADOS,1,0,0,0,0
33,1,2023,B33,8-9 AÑOS MASCULINO AVANZADOS +36 Kg,KUMITE,MASCULINO,9,AVANZADOS,0,0,0,0,0
34,1,2023,B34,8-9 AÑOS FEMENINO EXPERTOS -28 Kg,KUMITE,FEMENINO,9,EXPERTOS,5,4,360,414,54
35,1,2023,B35,8-9 AÑOS FEMENINO EXPERTOS +28 Kg,KUMITE,FEMENINO,9,EXPERTOS,7,6,540,699,159
36,1,2023,B36,8-9 AÑOS MASCULINO EXPERTOS -28 Kg,KUMITE,MASCULINO,9,EXPERTOS,8,7,630,800,170
37,1,2023,B37,8-9 AÑOS MASCULINO EXPERTOS -36 Kg,KUMITE,MASCULINO,9,EXPERTOS,1,0,0,0,0
38,1,2023,B38,8-9 AÑOS MASCULINO EXPERTOS +36 Kg,KUMITE,MASCULINO,9,EXPERTOS,0,0,0,0,0
39,1,2023,B39,10-11 AÑOS FEMENINO PRINCIPIANTES -35 Kg,KUMITE,FEMENINO,11,PRINCIPIANTES,1,0,0,0,0
40,1,2023,B40,10-11 AÑOS FEMENINO PRINCIPIANTES +35 Kg,KUMITE,FEMENINO,11,PRINCIPIANTES,2,1,90,107,17
41,1,2023,B41,10-11 AÑOS MASCULINO PRINCIPIANTES -35 Kg,KUMITE,MASCULINO,11,PRINCIPIANTES,0,0,0,0,0
42,1,2023,B42,10-11 AÑOS MASCULINO PRINCIPIANTES -45 Kg,KUMITE,MASCULINO,11,PRINCIPIANTES,1,0,0,0,0
43,1,2023,B43,10-11 AÑOS MASCULINO PRINCIPIANTES +45 Kg,KUMITE,MASCULINO,11,PRINCIPIANTES,0,0,0,0,0
44,1,2023,B44,10-11 AÑOS FEMENINO NOVATOS -35 Kg,KUMITE,FEMENINO,11,NOVATOS,8,7,630,791,161
45,1,2023,B45,10-11 AÑOS FEMENINO NOVATOS +35 Kg,KUMITE,FEMENINO,11,NOVATOS,1,0,0,0,0
46,1,2023,B46,10-11 AÑOS MASCULINO NOVATOS -35 Kg,KUMITE,MASCULINO,11,NOVATOS,2,1,90,109,19
47,1,2023,B47,10-11 AÑOS MASCULINO NOVATOS -45 Kg,KUMITE,MASCULINO,11,NOVATOS,2,1,90,113,23
48,1,2023,B48,10-11 AÑOS MASCULINO NOVATOS +45 Kg,KUMITE,MASCULINO,11,NOVATOS,1,0,0,0,0
49,1,2023,B49,10-11 AÑOS FEMENINO AVANZADOS -35 Kg,KUMITE,FEMENINO,11,AVANZADOS,1,0,0,0,0
50,1,2023,B50,10-11 AÑOS FEMENINO AVANZADOS +35 Kg,KUMITE,FEMENINO,11,AVANZADOS,1,0,0,0,0
51,1,2023,B51,10-11 AÑOS MASCULINO AVANZADOS -35 Kg,KUMITE,MASCULINO,11,AVANZADOS,11,10,900,1184,284
52,1,2023,B52,10-11 AÑOS MASCULINO AVANZADOS -45 Kg,KUMITE,MASCULINO,11,AVANZADOS,6,5,450,633,183
53,1,2023,B53,10-11 AÑOS MASCULINO AVANZADOS +45 Kg,KUMITE,MASCULINO,11,AVANZADOS,9,8,720,810,90
54,1,2023,B54,10-11 AÑOS FEMENINO EXPERTOS -35 Kg,KUMITE,FEMENINO,11,EXPERTOS,7,6,540,790,250
55,1,2023,B55,10-11 AÑOS FEMENINO EXPERTOS +35 Kg,KUMITE,FEMENINO,11,EXPERTOS,1,0,0,0,0
56,1,2023,B56,10-11 AÑOS MASCULINO EXPERTOS -35 Kg,KUMITE,MASCULINO,11,EXPERTOS,6,5,450,474,24
57,1,2023,B57,10-11 AÑOS MASCULINO EXPERTOS -45 Kg,KUMITE,MASCULINO,11,EXPERTOS,0,0,0,0,0
58,1,2023,B58,10-11 AÑOS MASCULINO EXPERTOS +45 Kg,KUMITE,MASCULINO,11,EXPERTOS,0,0,0,0,0
59,1,2023,B59,12-13 AÑOS FEMENINO PRINCIPIANTES -42 Kg,KUMITE,FEMENINO,13,PRINCIPIANTES,1,0,0,0,0
60,1,2023,B60,12-13 AÑOS FEMENINO PRINCIPIANTES +42 Kg,KUMITE,FEMENINO,13,PRINCIPIANTES,1,0,0,0,0
61,1,2023,B61,12-13 AÑOS MASCULINO PRINCIPIANTES -45 Kg,KUMITE,MASCULINO,13,PRINCIPIANTES,3,2,180,222,42
62,1,2023,B62,12-13 AÑOS MASCULINO PRINCIPIANTES -55 Kg,KUMITE,MASCULINO,13,PRINCIPIANTES,1,0,0,0,0
63,1,2023,B63,12-13 AÑOS MASCULINO PRINCIPIANTES +55 Kg,KUMITE,MASCULINO,13,PRINCIPIANTES,7,6,540,706,166
64,1,2023,B64,12-13 AÑOS FEMENINO NOVATOS -42 Kg,KUMITE,FEMENINO,13,NOVATOS,1,0,0,0,0
65,1,2023,B65,12-13 AÑOS FEMENINO NOVATOS +42 Kg,KUMITE,FEMENINO,13,NOVATOS,1,0,0,0,0
66,1,2023,B66,12-13 AÑOS MASCULINO NOVATOS -45 Kg,KUMITE,MASCULINO,13,NOVATOS,2,1,90,115,25
67,1,2023,B67,12-13 AÑOS MASCULINO NOVATOS -55 Kg,KUMITE,MASCULINO,13,NOVATOS,0,0,0,0,0
68,1,2023,B68,12-13 AÑOS MASCULINO NOVATOS +55 Kg,KUMITE,MASCULINO,13,NOVATOS,6,5,450,534,84
69,1,2023,B69,12-13 AÑOS FEMENINO AVANZADOS -42 Kg,KUMITE,FEMENINO,13,AVANZADOS,0,0,0,0,0
70,1,2023,B70,12-13 AÑOS FEMENINO AVANZADOS +42 Kg,KUMITE,FEMENINO,13,AVANZADOS,6,5,450,553,103
71,1,2023,B71,12-13 AÑOS MASCULINO AVANZADOS -45 Kg,KUMITE,MASCULINO,13,AVANZADOS,5,4,360,432,72
72,1,2023,B72,12-13 AÑOS MASCULINO AVANZADOS -55 Kg,KUMITE,MASCULINO,13,AVANZADOS,0,0,0,0,0
73,1,2023,B73,12-13 AÑOS MASCULINO AVANZADOS +55 Kg,KUMITE,MASCULINO,13,AVANZADOS,0,0,0,0,0
74,1,2023,B74,12-13 AÑOS FEMENINO EXPERTOS -42 Kg,KUMITE,FEMENINO,13,EXPERTOS,9,8,720,857,137
75,1,2023,B75,12-13 AÑOS FEMENINO EXPERTOS +42 Kg,KUMITE,FEMENINO,13,EXPERTOS,6,5,450,600,150
76,1,2023,B76,12-13 AÑOS MASCULINO EXPERTOS -45 Kg,KUMITE,MASCULINO,13,EXPERTOS,3,2,180,231,51
77,1,2023,B77,12-13 AÑOS MASCULINO EXPERTOS -55 Kg,KUMITE,MASCULINO,13,EXPERTOS,1,0,0,0,0
78,1,2023,B78,12-13 AÑOS MASCULINO EXPERTOS +55 Kg,KUMITE,MASCULINO,13,EXPERTOS,1,0,0,0,0
79,1,2023,B79,14-15 AÑOS FEMENINO PRINCIPIANTES -47 Kg,KUMITE,FEMENINO,15,PRINCIPIANTES,1,0,0,0,0
80,1,2023,B80,14-15 AÑOS FEMENINO PRINCIPIANTES +47 Kg,KUMITE,FEMENINO,15,PRINCIPIANTES,2,1,120,141,21
81,1,2023,B81,14-15 AÑOS MASCULINO PRINCIPIANTES -57 Kg,KUMITE,MASCULINO,15,PRINCIPIANTES,10,9,1080,1447,367
82,1,2023,B82,14-15 AÑOS MASCULINO PRINCIPIANTES -70 Kg,KUMITE,MASCULINO,15,PRINCIPIANTES,4,3,360,461,101
83,1,2023,B83,14-15 AÑOS MASCULINO PRINCIPIANTES +70 Kg,KUMITE,MASCULINO,15,PRINCIPIANTES,0,0,0,0,0
84,1,2023,B84,14-15 AÑOS FEMENINO NOVATOS -47 Kg,KUMITE,FEMENINO,15,NOVATOS,0,0,0,0,0
85,1,2023,B85,14-15 AÑOS FEMENINO NOVATOS +47 Kg,KUMITE,FEMENINO,15,NOVATOS,2,1,120,159,39
86,1,2023,B86,14-15 AÑOS MASCULINO NOVATOS -57 Kg,KUMITE,MASCULINO,15,NOVATOS,0,0,0,0,0
87,1,2023,B87,14-15 AÑOS MASCULINO NOVATOS -70 Kg,KUMITE,MASCULINO,15,NOVATOS,2,1,120,157,37
88,1,2023,B88,14-15 AÑOS MASCULINO NOVATOS +70 Kg,KUMITE,MASCULINO,15,NOVATOS,3,2,240,280,40
89,1,2023,B89,14-15 AÑOS FEMENINO AVANZADOS -47 Kg,KUMITE,FEMENINO,15,AVANZADOS,10,9,1080,1289,209
90,1,2023,B90,14-15 AÑOS FEMENINO AVANZADOS +47 Kg,KUMITE,FEMENINO,15,AVANZADOS,2,1,120,158,38
91,1,2023,B91,14-15 AÑOS MASCULINO AVANZADOS -57 Kg,KUMITE,MASCULINO,15,AVANZADOS,0,0,0,0,0
92,1,2023,B92,14-15 AÑOS MASCULINO AVANZADOS -70 Kg,KUMITE,MASCULINO,15,AVANZADOS,1,0,0,0,0
93,1,2023,B93,14-15 AÑOS MASCULINO AVANZADOS +70 Kg,KUMITE,MASCULINO,15,AVANZADOS,4,3,360,471,111
94,1,2023,B94,14-15 AÑOS FEMENINO EXPERTOS -47 Kg,KUMITE,FEMENINO,15,EXPERTOS,6,5,600,748,148
95,1,2023,B95,14-15 AÑOS FEMENINO EXPERTOS +47 Kg,KUMITE,FEMENINO,15,EXPERTOS,2,1,120,151,31
96,1,2023,B96,14-15 AÑOS MASCULINO EXPERTOS -57 Kg,KUMITE,MASCULINO,15,EXPERTOS,2,1,120,165,45
97,1,2023,B97,14-15 AÑOS MASCULINO EXPERTOS -70 Kg,KUMITE,MASCULINO,15,EXPERTOS,4,3,360,428,68
98,1,2023,B98,14-15 AÑOS MASCULINO EXPERTOS +70 Kg,KUMITE,MASCULINO,15,EXPERTOS,2,1,120,156,36
99,1,2023,B99,16-17 AÑOS FEMENINO PRINCIPIANTES -53 Kg,KUMITE,FEMENINO,17,PRINCIPIANTES,0,0,0,0,0
100,1,2023,B100,16-17 AÑOS FEMENINO PRINCIPIANTES +53 Kg,KUMITE,FEMENINO,17,PRINCIPIANTES,0,0,0,0,0
101,1,2023,B101,16-17 AÑOS MASCULINO PRINCIPIANTES -61 Kg,KUMITE,MASCULINO,17,PRINCIPIANTES,0,0,0,0,0
102,1,2023,B102,16-17 AÑOS MASCULINO PRINCIPIANTES -76 Kg,KUMITE,MASCULINO,17,PRINCIPIANTES,2,1,120,147,27
103,1,2023,B103,16-17 AÑOS MASCULINO PRINCIPIANTES +76 Kg,KUMITE,MASCULINO,17,PRINCIPIANTES,2,1,120,147,27
104,1,2023,B104,16-17 AÑOS FEMENINO NOVATOS -53 Kg,KUMITE,FEMENINO,17,NOVATOS,3,2,240,326,86
105,1,2023,B105,16-17 AÑOS FEMENINO NOVATOS +53 Kg,KUMITE,FEMENINO,17,NOVATOS,9,8,960,1279,319
106,1,2023,B106,16-17 AÑOS MASCULINO NOVATOS -61 Kg,KUMITE,MASCULINO,17,NOVATOS,2,1,120,159,39
107,1,2023,B107,16-17 AÑOS MASCULINO NOVATOS -76 Kg,KUMITE,MASCULINO,17,NOVATOS,1,0,0,0,0
108,1,2023,B108,16-17 AÑOS MASCULINO NOVATOS +76 Kg,KUMITE,MASCULINO,17,NOVATOS,4,3,360,496,136
109,1,2023,B109,16-17 AÑOS FEMENINO AVANZADOS -53 Kg,KUMITE,FEMENINO,17,AVANZADOS,1,0,0,0,0
110,1,2023,B110,16-17 AÑOS FEMENINO AVANZADOS +53 Kg,KUMITE,FEMENINO,17,AVANZADOS,0,0,0,0,0
111,1,2023,B111,16-17 AÑOS MASCULINO AVANZADOS -61 Kg,KUMITE,MASCULINO,17,AVANZADOS,1,0,0,0,0
112,1,2023,B112,16-17 AÑOS MASCULINO AVANZADOS -76 Kg,KUMITE,MASCULINO,17,AVANZADOS,1,0,0,0,0
113,1,2023,B113,16-17 AÑOS MASCULINO AVANZADOS +76 Kg,KUMITE,MASCULINO,17,AVANZADOS,10,9,1080,1352,272
114,1,2023,B114,16-17 AÑOS FEMENINO EXPERTOS -53 Kg,KUMITE,FEMENINO,17,EXPERTOS,3,2,240,316,76
115,1,2023,B115,16-17 AÑOS FEMENINO EXPERTOS +53 Kg,KUMITE,FEMENINO,17,EXPERTOS,2,1,120,146,26
116,1,2023,B116,16-17 AÑOS MASCULINO EXPERTOS -61 Kg,KUMITE,MASCULINO,17,EXPERTOS,2,1,120,153,33
117,1,2023,B117,16-17 AÑOS MASCULINO EXPERTOS -76 Kg,KUMITE,MASCULINO,17,EXPERTOS,5,4,480,593,113
118,1,2023,B118,16-17 AÑOS MASCULINO EXPERTOS +76 Kg,KUMITE,MASCULINO,17,EXPERTOS,0,0,0,0,0
119,1,2023,B119,FEMENINO PRINCIPIANTES -61 Kg,KUMITE,FEMENINO,18,PRINCIPIANTES,6,5,900,1133,233
120,1,2023,B120,FEMENINO PRINCIPIANTES +61 Kg,KUMITE,FEMENINO,18,PRINCIPIANTES,2,1,180,235,55
121,1,2023,B121,MASCULINO PRINCIPIANTES -67 Kg,KUMITE,MASCULINO,18,PRINCIPIANTES,3,2,360,420,60
122,1,2023,B122,MASCULINO PRINCIPIANTES -84 Kg,KUMITE,MASCULINO,18,PRINCIPIANTES,6,5,900,1313,413
123,1,2023,B123,MASCULINO PRINCIPIANTES +84 Kg,KUMITE,MASCULINO,18,PRINCIPIANTES,0,0,0,0,0
124,1,2023,B124,FEMENINO NOVATOS -61 Kg,KUMITE,FEMENINO,18,NOVATOS,0,0,0,0,0
125,1,2023,B125,FEMENINO NOVATOS +61 Kg,KUMITE,FEMENINO,18,NOVATOS,1,0,0,0,0
126,1,2023,B125,MASCULINO NOVATOS -67 Kg,KUMITE,MASCULINO,18,NOVATOS,1,0,0,0,0
127,1,2023,B127,MASCULINO NOVATOS -84 Kg,KUMITE,MASCULINO,18,NOVATOS,2,1,180,206,26
128,1,2023,B128,MASCULINO NOVATOS +84 Kg,KUMITE,MASCULINO,18,NOVATOS,5,4,720,812,92
129,1,2023,B129,FEMENINO AVANZADOS -61 Kg,KUMITE,FEMENINO,18,AVANZADOS,0,0,0,0,0
130,1,2023,B130,FEMENINO AVANZADOS +61 Kg,KUMITE,FEMENINO,18,AVANZADOS,1,0,0,0,0
131,1,2023,B131,MASCULINO AVANZADOS -67 Kg,KUMITE,MASCULINO,18,AVANZADOS,2,1,180,245,65
132,1,2023,B132,MASCULINO AVANZADOS -84 Kg,KUMITE,MASCULINO,18,AVANZADOS,0,0,0,0,0
133,1,2023,B133,MASCULINO AVANZADOS +84 Kg,KUMITE,MASCULINO,18,AVANZADOS,0,0,0,0,0
134,1,2023,B134,FEMENINO EXPERTOS -50 Kg,KUMITE,FEMENINO,18,EXPERTOS,1,0,0,0,0
135,1,2023,B135,FEMENINO EXPERTOS -55 Kg,KUMITE,FEMENINO,18,EXPERTOS,8,7,1260,1674,414
136,1,2023,B136,FEMENINO EXPERTOS -61 Kg,KUMITE,FEMENINO,18,EXPERTOS,1,0,0,0,0
137,1,2023,B137,FEMENINO EXPERTOS -68 Kg,KUMITE,FEMENINO,18,EXPERTOS,3,2,360,472,112
138,1,2023,B138,FEMENINO EXPERTOS +68 Kg,KUMITE,FEMENINO,18,EXPERTOS,7,6,1080,1417,337
139,1,2023,B139,MASCULINO EXPERTOS -60 Kg,KUMITE,MASCULINO,18,EXPERTOS,1,0,0,0,0
140,1,2023,B140,MASCULINO EXPERTOS -67 Kg,KUMITE,MASCULINO,18,EXPERTOS,8,7,1260,1573,313
141,1,2023,B141,MASCULINO EXPERTOS -75 Kg,KUMITE,MASCULINO,18,EXPERTOS,11,10,1800,2088,288
142,1,2023,B142,MASCULINO EXPERTOS -84 Kg,KUMITE,MASCULINO,18,EXPERTOS,0,0,0,0,0
143,1,2023,B143,MASCULINO EXPERTOS +84 Kg,KUMITE,MASCULINO,18,EXPERTOS,2,1,180,226,46
144,1,2023,B144,FEMENINO PRINCIPIANTES -61 Kg,KUMITE,FEMENINO,18,PRINCIPIANTES,0,0,0,0,0
145,1,2023,B145,FEMENINO PRINCIPIANTES +61 Kg,KUMITE,FEMENINO,18,PRINCIPIANTES,0,0,0,0,0
146,1,2023,B146,MASCULINO PRINCIPIANTES -67 Kg,KUMITE,MASCULINO,18,PRINCIPIANTES,1,0,0,0,0
147,1,2023,B147,MASCULINO PRINCIPIANTES -84 Kg,KUMITE,MASCULINO,18,PRINCIPIANTES,4,3,540,638,98
148,1,2023,B148,MASCULINO PRINCIPIANTES +84 Kg,KUMITE,MASCULINO,18,PRINCIPIANTES,2,1,180,242,62
149,1,2023,B149,FEMENINO NOVATOS -61 Kg,KUMITE,FEMENINO,18,NOVATOS,0,0,0,0,0
150,1,2023,B150,FEMENINO NOVATOS +61 Kg,KUMITE,FEMENINO,18,NOVATOS,0,0,0,0,0
151,1,2023,B151,MASCULINO NOVATOS -67 Kg,KUMITE,MASCULINO,18,NOVATOS,4,3,540,667,127
152,1,2023,B152,MASCULINO NOVATOS -84 Kg,KUMITE,MASCULINO,18,NOVATOS,0,0,0,0,0
153,1,2023,B153,MASCULINO NOVATOS +84 Kg,KUMITE,MASCULINO,18,NOVATOS,0,0,0,0,0
154,1,2023,B154,FEMENINO AVANZADOS -61 Kg,KUMITE,FEMENINO,18,AVANZADOS,3,2,360,420,60
155,1,2023,B155,FEMENINO AVANZADOS +61 Kg,KUMITE,FEMENINO,18,AVANZADOS,14,13,2340,2849,509
156,1,2023,B156,MASCULINO AVANZADOS -67 Kg,KUMITE,MASCULINO,18,AVANZADOS,0,0,0,0,0
157,1,2023,B157,MASCULINO AVANZADOS -84 Kg,KUMITE,MASCULINO,18,AVANZADOS,6,5,900,1162,262
158,1,2023,B158,MASCULINO AVANZADOS +84 Kg,KUMITE,MASCULINO,18,AVANZADOS,5,4,720,859,139
159,1,2023,B159,FEMENINO EXPERTOS -50 Kg,KUMITE,FEMENINO,18,EXPERTOS,1,0,0,0,0
160,1,2023,B160,FEMENINO EXPERTOS -55 Kg,KUMITE,FEMENINO,18,EXPERTOS,3,2,360,420,60
161,1,2023,B161,FEMENINO EXPERTOS -61 Kg,KUMITE,FEMENINO,18,EXPERTOS,1,0,0,0,0
162,1,2023,B162,FEMENINO EXPERTOS -68 Kg,KUMITE,FEMENINO,18,EXPERTOS,1,0,0,0,0
163,1,2023,B163,FEMENINO EXPERTOS +68 Kg,KUMITE,FEMENINO,18,EXPERTOS,2,1,180,229,49
164,1,2023,B164,MASCULINO EXPERTOS -60 Kg,KUMITE,MASCULINO,18,EXPERTOS,3,2,360,458,98
165,1,2023,B165,MASCULINO EXPERTOS -67 Kg,KUMITE,MASCULINO,18,EXPERTOS,0,0,0,0,0
166,1,2023,B166,MASCULINO EXPERTOS -75 Kg,KUMITE,MASCULINO,18,EXPERTOS,6,5,900,1079,179
167,1,2023,B167,MASCULINO EXPERTOS -84 Kg,KUMITE,MASCULINO,18,EXPERTOS,0,0,0,0,0
168,1,2023,B168,MASCULINO EXPERTOS +84 Kg,KUMITE,MASCULINO,18,EXPERTOS,0,0,0,0,0
169,1,2023,A3,6 AÑOS FEMENINO PRINCIPIANTES,KATA,FEMENINO,6,PRINCIPIANTES,0,0,0,0,0
170,1,2023,A4,6 AÑOS MASCULINO PRINCIPIANTES,KATA,MASCULINO,6,PRINCIPIANTES,5,4,360,387,27
171,1,2023,A5,6 AÑOS FEMENINO NOVATOS,KATA,FEMENINO,6,NOVATOS,2,1,90,125,35
172,1,2023,A6,6 AÑOS MASCULINO NOVATOS,KATA,MASCULINO,6,NOVATOS,1,0,0,0,0
173,1,2023,A7,7 AÑOS FEMENINO PRINCIPIANTES,KATA,FEMENINO,7,PRINCIPIANTES,0,0,0,0,0
174,1,2023,A8,7 AÑOS MASCULINO PRINCIPIANTES,KATA,MASCULINO,7,PRINCIPIANTES,9,8,720,963,243
175,1,2023,A9,7 AÑOS FEMENINO NOVATOS,KATA,FEMENINO,7,NOVATOS,3,2,180,222,42
176,1,2023,A10,7 AÑOS MASCULINO NOVATOS,KATA,MASCULINO,7,NOVATOS,2,1,90,114,24
177,1,2023,A11,8-9 AÑOS FEMENINO PRINCIPIANTES,KATA,FEMENINO,9,PRINCIPIANTES,8,7,630,650,20
178,1,2023,A12,8-9 AÑOS MASCULINO PRINCIPIANTES,KATA,MASCULINO,9,PRINCIPIANTES,10,9,810,973,163
179,1,2023,A13,8-9 AÑOS FEMENINO NOVATOS,KATA,FEMENINO,9,NOVATOS,12,11,990,1369,379
180,1,2023,A14,8-9 AÑOS MASCULINO NOVATOS,KATA,MASCULINO,9,NOVATOS,3,2,180,242,62
181,1,2023,A15,8-9 AÑOS FEMENINO AVANZADOS,KATA,FEMENINO,9,AVANZADOS,3,2,180,230,50
182,1,2023,A16,8-9 AÑOS MASCULINO AVANZADOS,KATA,MASCULINO,9,AVANZADOS,1,0,0,0,0
183,1,2023,A17,8-9 AÑOS FEMENINO EXPERTOS,KATA,FEMENINO,9,EXPERTOS,1,0,0,0,0
184,1,2023,A18,8-9 AÑOS MASCULINO EXPERTOS,KATA,MASCULINO,9,EXPERTOS,0,0,0,0,0
185,1,2023,A19,10-11 AÑOS FEMENINO PRINCIPIANTES,KATA,FEMENINO,11,PRINCIPIANTES,1,0,0,0,0
186,1,2023,A20,10-11 AÑOS MASCULINO PRINCIPIANTES,KATA,MASCULINO,11,PRINCIPIANTES,9,8,720,898,178
187,1,2023,A21,10-11 AÑOS FEMENINO NOVATOS,KATA,FEMENINO,11,NOVATOS,2,1,90,119,29
188,1,2023,A22,10-11 AÑOS MASCULINO NOVATOS,KATA,MASCULINO,11,NOVATOS,0,0,0,0,0
189,1,2023,A23,10-11 AÑOS FEMENINO AVANZADOS,KATA,FEMENINO,11,AVANZADOS,0,0,0,0,0
190,1,2023,A24,10-11 AÑOS MASCULINO AVANZADOS,KATA,MASCULINO,11,AVANZADOS,1,0,0,0,0
191,1,2023,A25,10-11 AÑOS FEMENINO EXPERTOS,KATA,FEMENINO,11,EXPERTOS,1,0,0,0,0
192,1,2023,A26,10-11 AÑOS MASCULINO EXPERTOS,KATA,MASCULINO,11,EXPERTOS,1,0,0,0,0
193,1,2023,A27,12-13 AÑOS FEMENINO PRINCIPIANTES,KATA,FEMENINO,13,PRINCIPIANTES,1,0,0,0,0
194,1,2023,A28,12-13 AÑOS MASCULINO PRINCIPIANTES,KATA,MASCULINO,13,PRINCIPIANTES,3,2,180,219,39
195,1,2023,A29,12-13 AÑOS FEMENINO NOVATOS,KATA,FEMENINO,13,NOVATOS,3,2,180,195,15
196,1,2023,A30,12-13 AÑOS MASCULINO NOVATOS,KATA,MASCULINO,13,NOVATOS,1,0,0,0,0
197,1,2023,A31,12-13 AÑOS FEMENINO AVANZADOS,KATA,FEMENINO,13,AVANZADOS,5,4,360,449,89
198,1,2023,A32,12-13 AÑOS MASCULINO AVANZADOS,KATA,MASCULINO,13,AVANZADOS,3,2,180,232,52
199,1,2023,A33,12-13 AÑOS FEMENINO EXPERTOS,KATA,FEMENINO,13,EXPERTOS,2,1,90,122,32
200,1,2023,A34,12-13 AÑOS MASCULINO EXPERTOS,KATA,MASCULINO,13,EXPERTOS,15,14,1260,1393,133
201,1,2023,A35,14-15 AÑOS FEMENINO PRINCIPIANTES,KATA,FEMENINO,15,PRINCIPIANTES,4,3,360,445,85
202,1,2023,A36,14-15 AÑOS MASCULINO PRINCIPIANTES,KATA,MASCULINO,15,PRINCIPIANTES,9,8,960,1192,232
203,1,2023,A37,14-15 AÑOS FEMENINO NOVATOS,KATA,FEMENINO,15,NOVATOS,0,0,0,0,0
204,1,2023,A38,14-15 AÑOS MASCULINO NOVATOS,KATA,MASCULINO,15,NOVATOS,13,12,1440,1641,201
205,1,2023,A39,14-15 AÑOS FEMENINO AVANZADOS,KATA,FEMENINO,15,AVANZADOS,0,0,0,0,0
206,1,2023,A40,14-15 AÑOS MASCULINO AVANZADOS,KATA,MASCULINO,15,AVANZADOS,4,3,360,467,107
207,1,2023,A41,14-15 AÑOS FEMENINO EXPERTOS,KATA,FEMENINO,15,EXPERTOS,1,0,0,0,0
208,1,2023,A42,14-15 AÑOS MASCULINO EXPERTOS,KATA,MASCULINO,15,EXPERTOS,9,8,960,1271,311
209,1,2023,A43,16-17 AÑOS FEMENINO PRINCIPIANTES,KATA,FEMENINO,17,PRINCIPIANTES,1,0,0,0,0
210,1,2023,A44,16-17 AÑOS MASCULINO PRINCIPIANTES,KATA,MASCULINO,17,PRINCIPIANTES,2,1,120,146,26
211,1,2023,A45,16-17 AÑOS FEMENINO NOVATOS,KATA,FEMENINO,17,NOVATOS,7,6,720,1047,327
212,1,2023,A46,16-17 AÑOS MASCULINO NOVATOS,KATA,MASCULINO,17,NOVATOS,2,1,120,146,26
213,1,2023,A47,16-17 AÑOS FEMENINO AVANZADOS,KATA,FEMENINO,17,AVANZADOS,3,2,240,289,49
214,1,2023,A48,16-17 AÑOS MASCULINO AVANZADOS,KATA,MASCULINO,17,AVANZADOS,2,1,120,144,24
215,1,2023,A49,16-17 AÑOS FEMENINO EXPERTOS,KATA,FEMENINO,17,EXPERTOS,0,0,0,0,0
216,1,2023,A50,16-17 AÑOS MASCULINO EXPERTOS,KATA,MASCULINO,17,EXPERTOS,3,2,240,280,40
217,1,2023,A51,FEMENINO PRINCIPIANTES,KATA,FEMENINO,18,PRINCIPIANTES,2,1,180,214,34
218,1,2023,A52,MASCULINO PRINCIPIANTES,KATA,MASCULINO,18,PRINCIPIANTES,8,7,1260,1394,134
219,1,2023,A53,FEMENINO NOVATOS,KATA,FEMENINO,18,NOVATOS,0,0,0,0,0
220,1,2023,A54,MASCULINO NOVATOS,KATA,MASCULINO,18,NOVATOS,2,1,180,221,41
221,1,2023,A55,FEMENINO AVANZADOS,KATA,FEMENINO,18,AVANZADOS,8,7,1260,1582,322
222,1,2023,A56,MASCULINO AVANZADOS,KATA,MASCULINO,18,AVANZADOS,6,5,900,919,19
223,1,2023,A57,FEMENINO EXPERTOS,KATA,FEMENINO,18,EXPERTOS,3,2,360,446,86
224,1,2023,A58,MASCULINO EXPERTOS,KATA,MASCULINO,18,EXPERTOS,2,1,180,225,45
225,1,2023,A59,FEMENINO PRINCIPIANTES,KATA,FEMENINO,18,PRINCIPIANTES,0,0,0,0,0
226,1,2023,A60,MASCULINO PRINCIPIANTES,KATA,MASCULINO,18,PRINCIPIANTES,0,0,0,0,0
227,1,2023,A61,FEMENINO NOVATOS,KATA,FEMENINO,18,NOVATOS,2,1,180,234,54
228,1,2023,A62,MASCULINO NOVATOS,KATA,MASCULINO,18,NOVATOS,1,0,0,0,0
229,1,2023,A63,FEMENINO AVANZADOS,KATA,FEMENINO,18,AVANZADOS,3,2,360,493,133
230,1,2023,A64,MASCULINO AVANZADOS,KATA,MASCULINO,18,AVANZADOS,0,0,0,0,0
231,1,2023,A65,FEMENINO EXPERTOS,KATA,FEMENINO,18,EXPERTOS,6,5,900,1201,301
232,1,2023,A66,MASCULINO EXPERTOS,KATA,MASCULINO,18,EXPERTOS,13,12,2160,2566,406
233,1,2023,A67,K21 INTELECTUAL,PARA-KARATE,MASCULINO,18,GENERAL,2,1,180,226,46
234,1,2023,A68,K21 INTELECTUAL,PARA-KARATE,FEMENINO,18,GENERAL,0,0,0,0,0
235,1,2023,A69,K22 SÍNDROME DE DOWN,PARA-KARATE,MASCULINO,18,GENERAL,0,0,0,0,0
236,1,2023,A70,K22 SÍNDROME DE DOWN,PARA-KARATE,FEMENINO,18,GENERAL,0,0,0,0,0
237,1,2023,A71,K23 AUTISMO,PARA-KARATE,MASCULINO,18,GENERAL,1,0,0,0,0
238,1,2023,A72,K23 AUTISMO,PARA-KARATE,FEMENINO,18,GENERAL,0,0,0,0,0
239,1,2023,A73,K11 VISUAL MODERADO,PARA-KARATE,MASCULINO,18,GENERAL,0,0,0,0,0
240,1,2023,A74,K11 VISUAL MODERADO,PARA-KARATE,FEMENINO,18,GENERAL,0,0,0,0,0
241,1,2023,A75,K12 VISUAL SEVERO,PARA-KARATE,MASCULINO,18,GENERAL,3,2,360,418,58
242,1,2023,A76,K12 VISUAL SEVERO,PARA-KARATE,FEMENINO,18,GENERAL,0,0,0,0,0
243,1,2023,A77,K30 SILLAS DE RUEDAS,PARA-KARATE,MASCULINO,18,GENERAL,2,1,180,252,72
244,1,2023,A78,K30 SILLAS DE RUEDAS,PARA-KARATE,FEMENINO,18,GENERAL,3,2,360,469,109
245,1,2023,A79,K40 FÍSICO DE PIE,PARA-KARATE,MASCULINO,18,GENERAL,5,4,720,825,105
246,1,2023,A80,K40 FÍSICO DE PIE,PARA-KARATE,FEMENINO,18,GENERAL,3,2,360,443,83
247,1,2023,A81,K50 SORDOLIMPICOS,PARA-KARATE,MASCULINO,18,GENERAL,1,0,0,0,0
248,1,2023,A82,K50 SORDOLIMPICOS,PARA-KARATE,FEMENINO,18,GENERAL,0,0,0,0,0
249,2,2024,B1,4-5 AÑOS NIÑAS,KUMITE,FEMENINO,5,GENERAL,1,0,0,0,0
250,2,2024,B2,4-5 AÑOS NIÑOS,KUMITE,MASCULINO,5,GENERAL,3,2,180,205,25
251,2,2024,B3,6 AÑOS FEMENINO PRINCIPIANTES -19 Kg,KUMITE,FEMENINO,6,PRINCIPIANTES,2,1,90,120,30
252,2,2024,B4,6 AÑOS FEMENINO PRINCIPIANTES +19 Kg,KUMITE,FEMENINO,6,PRINCIPIANTES,2,1,90,96,6
253,2,2024,B5,6 AÑOS MASCULINO PRINCIPIANTES -20 Kg,KUMITE,MASCULINO,6,PRINCIPIANTES,2,1,90,122,32
254,2,2024,B6,6 AÑOS MASCULINO PRINCIPIANTES +20 Kg,KUMITE,MASCULINO,6,PRINCIPIANTES,12,11,990,1106,116
255,2,2024,B7,6 AÑOS FEMENINO NOVATOS -19 Kg,KUMITE,FEMENINO,6,NOVATOS,1,0,0,0,0
256,2,2024,B8,6 AÑOS FEMENINO NOVATOS +19 Kg,KUMITE,FEMENINO,6,NOVATOS,1,0,0,0,0
257,2,2024,B9,6 AÑOS MASCULINO NOVATOS -18 Kg,KUMITE,MASCULINO,6,NOVATOS,0,0,0,0,0
258,2,2024,B10,6 AÑOS MASCULINO NOVATOS +20 Kg,KUMITE,MASCULINO,6,NOVATOS,0,0,0,0,0
259,2,2024,B11,7 AÑOS FEMENINO PRINCIPIANTES -20 Kg,KUMITE,FEMENINO,7,PRINCIPIANTES,1,0,0,0,0
260,2,2024,B12,7 AÑOS FEMENINO PRINCIPIANTES +20 Kg,KUMITE,FEMENINO,7,PRINCIPIANTES,0,0,0,0,0
261,2,2024,B13,7 AÑOS MASCULINO PRINCIPIANTES -22 Kg,KUMITE,MASCULINO,7,PRINCIPIANTES,2,1,90,110,20
262,2,2024,B14,7 AÑOS MASCULINO PRINCIPIANTES +22 Kg,KUMITE,MASCULINO,7,PRINCIPIANTES,0,0,0,0,0
263,2,2024,B15,7 AÑOS FEMENINO NOVATOS -20 Kg,KUMITE,FEMENINO,7,NOVATOS,1,0,0,0,0
264,2,2024,B16,7 AÑOS FEMENINO NOVATOS +20 Kg,KUMITE,FEMENINO,7,NOVATOS,7,6,540,732,192
265,2,2024,B17,7 AÑOS MASCULINO NOVATOS -22 Kg,KUMITE,MASCULINO,7,NOVATOS,0,0,0,0,0
266,2,2024,B18,7 AÑOS MASCULINO NOVATOS +22 Kg,KUMITE,MASCULINO,7,NOVATOS,3,2,180,227,47
267,2,2024,B19,8-9 AÑOS FEMENINO PRINCIPIANTES -28 Kg,KUMITE,FEMENINO,9,PRINCIPIANTES,0,0,0,0,0
268,2,2024,B20,8-9 AÑOS FEMENINO PRINCIPIANTES +28 Kg,KUMITE,FEMENINO,9,PRINCIPIANTES,18,17,1530,2037,507
269,2,2024,B21,8-9 AÑOS MASCULINO PRINCIPIANTES -28 Kg,KUMITE,MASCULINO,9,PRINCIPIANTES,0,0,0,0,0
270,2,2024,B22,8-9 AÑOS MASCULINO PRINCIPIANTES -36 Kg,KUMITE,MASCULINO,9,PRINCIPIANTES,1,0,0,0,0
271,2,2024,B23,8-9 AÑOS MASCULINO PRINCIPIANTES +36 Kg,KUMITE,MASCULINO,9,PRINCIPIANTES,6,5,450,590,140
272,2,2024,B24,8-9 AÑOS FEMENINO NOVATOS -28 Kg,KUMITE,FEMENINO,9,NOVATOS,14,13,1170,1612,442
273,2,2024,B25,8-9 AÑOS FEMENINO NOVATOS +28 Kg,KUMITE,FEMENINO,9,NOVATOS,5,4,360,488,128
274,2,2024,B26,8-9 AÑOS MASCULINO NOVATOS -28 Kg,KUMITE,MASCULINO,9,NOVATOS,1,0,0,0,0
275,2,2024,B27,8-9 AÑOS MASCULINO NOVATOS -36 Kg,KUMITE,MASCULINO,9,NOVATOS,0,0,0,0,0
276,2,2024,B28,8-9 AÑOS MASCULINO NOVATOS +36 Kg,KUMITE,MASCULINO,9,NOVATOS,4,3,270,325,55
277,2,2024,B29,8-9 AÑOS FEMENINO AVANZADOS -28 Kg,KUMITE,FEMENINO,9,AVANZADOS,5,4,360,472,112
278,2,2024,B30,8-9 AÑOS FEMENINO AVANZADOS +28 Kg,KUMITE,FEMENINO,9,AVANZADOS,4,3,270,296,26
279,2,2024,B31,8-9 AÑOS MASCULINO AVANZADOS -28 Kg,KUMITE,MASCULINO,9,AVANZADOS,1,0,0,0,0
280,2,2024,B32,8-9 AÑOS MASCULINO AVANZADOS -36 Kg,KUMITE,MASCULINO,9,AVANZADOS,0,0,0,0,0
281,2,2024,B33,8-9 AÑOS MASCULINO AVANZADOS +36 Kg,KUMITE,MASCULINO,9,AVANZADOS,1,0,0,0,0
282,2,2024,B34,8-9 AÑOS FEMENINO EXPERTOS -28 Kg,KUMITE,FEMENINO,9,EXPERTOS,0,0,0,0,0
283,2,2024,B35,8-9 AÑOS FEMENINO EXPERTOS +28 Kg,KUMITE,FEMENINO,9,EXPERTOS,1,0,0,0,0
284,2,2024,B36,8-9 AÑOS MASCULINO EXPERTOS -28 Kg,KUMITE,MASCULINO,9,EXPERTOS,0,0,0,0,0
285,2,2024,B37,8-9 AÑOS MASCULINO EXPERTOS -36 Kg,KUMITE,MASCULINO,9,EXPERTOS,3,2,180,223,43
286,2,2024,B38,8-9 AÑOS MASCULINO EXPERTOS +36 Kg,KUMITE,MASCULINO,9,EXPERTOS,1,0,0,0,0
287,2,2024,B39,10-11 AÑOS FEMENINO PRINCIPIANTES -35 Kg,KUMITE,FEMENINO,11,PRINCIPIANTES,0,0,0,0,0
288,2,2024,B40,10-11 AÑOS FEMENINO PRINCIPIANTES +35 Kg,KUMITE,FEMENINO,11,PRINCIPIANTES,2,1,90,119,29
289,2,2024,B41,10-11 AÑOS MASCULINO PRINCIPIANTES -35 Kg,KUMITE,MASCULINO,11,PRINCIPIANTES,1,0,0,0,0
290,2,2024,B42,10-11 AÑOS MASCULINO PRINCIPIANTES -45 Kg,KUMITE,MASCULINO,11,PRINCIPIANTES,3,2,180,227,47
291,2,2024,B43,10-11 AÑOS MASCULINO PRINCIPIANTES +45 Kg,KUMITE,MASCULINO,11,PRINCIPIANTES,0,0,0,0,0
292,2,2024,B44,10-11 AÑOS FEMENINO NOVATOS -35 Kg,KUMITE,FEMENINO,11,NOVATOS,1,0,0,0,0
293,2,2024,B45,10-11 AÑOS FEMENINO NOVATOS +35 Kg,KUMITE,FEMENINO,11,NOVATOS,4,3,270,349,79
294,2,2024,B46,10-11 AÑOS MASCULINO NOVATOS -35 Kg,KUMITE,MASCULINO,11,NOVATOS,1,0,0,0,0
295,2,2024,B47,10-11 AÑOS MASCULINO NOVATOS -45 Kg,KUMITE,MASCULINO,11,NOVATOS,1,0,0,0,0
296,2,2024,B48,10-11 AÑOS MASCULINO NOVATOS +45 Kg,KUMITE,MASCULINO,11,NOVATOS,0,0,0,0,0
297,2,2024,B49,10-11 AÑOS FEMENINO AVANZADOS -35 Kg,KUMITE,FEMENINO,11,AVANZADOS,0,0,0,0,0
298,2,2024,B50,10-11 AÑOS FEMENINO AVANZADOS +35 Kg,KUMITE,FEMENINO,11,AVANZADOS,13,12,1080,1326,246
299,2,2024,B51,10-11 AÑOS MASCULINO AVANZADOS -35 Kg,KUMITE,MASCULINO,11,AVANZADOS,0,0,0,0,0
300,2,2024,B52,10-11 AÑOS MASCULINO AVANZADOS -45 Kg,KUMITE,MASCULINO,11,AVANZADOS,3,2,180,245,65
301,2,2024,B53,10-11 AÑOS MASCULINO AVANZADOS +45 Kg,KUMITE,MASCULINO,11,AVANZADOS,1,0,0,0,0
302,2,2024,B54,10-11 AÑOS FEMENINO EXPERTOS -35 Kg,KUMITE,FEMENINO,11,EXPERTOS,4,3,270,335,65
303,2,2024,B55,10-11 AÑOS FEMENINO EXPERTOS +35 Kg,KUMITE,FEMENINO,11,EXPERTOS,1,0,0,0,0
304,2,2024,B56,10-11 AÑOS MASCULINO EXPERTOS -35 Kg,KUMITE,MASCULINO,11,EXPERTOS,1,0,0,0,0
305,2,2024,B57,10-11 AÑOS MASCULINO EXPERTOS -45 Kg,KUMITE,MASCULINO,11,EXPERTOS,1,0,0,0,0
306,2,2024,B58,10-11 AÑOS MASCULINO EXPERTOS +45 Kg,KUMITE,MASCULINO,11,EXPERTOS,2,1,90,108,18
307,2,2024,B59,12-13 AÑOS FEMENINO PRINCIPIANTES -42 Kg,KUMITE,FEMENINO,13,PRINCIPIANTES,0,0,0,0,0
308,2,2024,B60,12-13 AÑOS FEMENINO PRINCIPIANTES +42 Kg,KUMITE,FEMENINO,13,PRINCIPIANTES,5,4,360,481,121
309,2,2024,B61,12-13 AÑOS MASCULINO PRINCIPIANTES -45 Kg,KUMITE,MASCULINO,13,PRINCIPIANTES,7,6,540,599,59
310,2,2024,B62,12-13 AÑOS MASCULINO PRINCIPIANTES -55 Kg,KUMITE,MASCULINO,13,PRINCIPIANTES,7,6,540,702,162
311,2,2024,B63,12-13 AÑOS MASCULINO PRINCIPIANTES +55 Kg,KUMITE,MASCULINO,13,PRINCIPIANTES,0,0,0,0,0
312,2,2024,B64,12-13 AÑOS FEMENINO NOVATOS -42 Kg,KUMITE,FEMENINO,13,NOVATOS,3,2,180,206,26
313,2,2024,B65,12-13 AÑOS FEMENINO NOVATOS +42 Kg,KUMITE,FEMENINO,13,NOVATOS,5,4,360,496,136
314,2,2024,B66,12-13 AÑOS MASCULINO NOVATOS -45 Kg,KUMITE,MASCULINO,13,NOVATOS,0,0,0,0,0
315,2,2024,B67,12-13 AÑOS MASCULINO NOVATOS -55 Kg,KUMITE,MASCULINO,13,NOVATOS,0,0,0,0,0
316,2,2024,B68,12-13 AÑOS MASCULINO NOVATOS +55 Kg,KUMITE,MASCULINO,13,NOVATOS,6,5,450,550,100
317,2,2024,B69,12-13 AÑOS FEMENINO AVANZADOS -42 Kg,KUMITE,FEMENINO,13,AVANZADOS,4,3,270,341,71
318,2,2024,B70,12-13 AÑOS FEMENINO AVANZADOS +42 Kg,KUMITE,FEMENINO,13,AVANZADOS,5,4,360,464,104
319,2,2024,B71,12-13 AÑOS MASCULINO AVANZADOS -45 Kg,KUMITE,MASCULINO,13,AVANZADOS,1,0,0,0,0
320,2,2024,B72,12-13 AÑOS MASCULINO AVANZADOS -55 Kg,KUMITE,MASCULINO,13,AVANZADOS,3,2,180,190,10
321,2,2024,B73,12-13 AÑOS MASCULINO AVANZADOS +55 Kg,KUMITE,MASCULINO,13,AVANZADOS,0,0,0,0,0
322,2,2024,B74,12-13 AÑOS FEMENINO EXPERTOS -42 Kg,KUMITE,FEMENINO,13,EXPERTOS,2,1,90,106,16
323,2,2024,B75,12-13 AÑOS FEMENINO EXPERTOS +42 Kg,KUMITE,FEMENINO,13,EXPERTOS,0,0,0,0,0
324,2,2024,B76,12-13 AÑOS MASCULINO EXPERTOS -45 Kg,KUMITE,MASCULINO,13,EXPERTOS,2,1,90,121,31
325,2,2024,B77,12-13 AÑOS MASCULINO EXPERTOS -55 Kg,KUMITE,MASCULINO,13,EXPERTOS,2,1,90,120,30
326,2,2024,B78,12-13 AÑOS MASCULINO EXPERTOS +55 Kg,KUMITE,MASCULINO,13,EXPERTOS,0,0,0,0,0
327,2,2024,B79,14-15 AÑOS FEMENINO PRINCIPIANTES -47 Kg,KUMITE,FEMENINO,15,PRINCIPIANTES,0,0,0,0,0
328,2,2024,B80,14-15 AÑOS FEMENINO PRINCIPIANTES +47 Kg,KUMITE,FEMENINO,15,PRINCIPIANTES,7,6,720,920,200
329,2,2024,B81,14-15 AÑOS MASCULINO PRINCIPIANTES -57 Kg,KUMITE,MASCULINO,15,PRINCIPIANTES,1,0,0,0,0
330,2,2024,B82,14-15 AÑOS MASCULINO PRINCIPIANTES -70 Kg,KUMITE,MASCULINO,15,PRINCIPIANTES,9,8,960,1070,110
331,2,2024,B83,14-15 AÑOS MASCULINO PRINCIPIANTES +70 Kg,KUMITE,MASCULINO,15,PRINCIPIANTES,3,2,240,314,74
332,2,2024,B84,14-15 AÑOS FEMENINO NOVATOS -47 Kg,KUMITE,FEMENINO,15,NOVATOS,1,0,0,0,0
333,2,2024,B85,14-15 AÑOS FEMENINO NOVATOS +47 Kg,KUMITE,FEMENINO,15,NOVATOS,1,0,0,0,0
334,2,2024,B86,14-15 AÑOS MASCULINO NOVATOS -57 Kg,KUMITE,MASCULINO,15,NOVATOS,1,0,0,0,0
335,2,2024,B87,14-15 AÑOS MASCULINO NOVATOS -70 Kg,KUMITE,MASCULINO,15,NOVATOS,5,4,480,634,154
336,2,2024,B88,14-15 AÑOS MASCULINO NOVATOS +70 Kg,KUMITE,MASCULINO,15,NOVATOS,1,0,0,0,0
337,2,2024,B89,14-15 AÑOS FEMENINO AVANZADOS -47 Kg,KUMITE,FEMENINO,15,AVANZADOS,1,0,0,0,0
338,2,2024,B90,14-15 AÑOS FEMENINO AVANZADOS +47 Kg,KUMITE,FEMENINO,15,AVANZADOS,7,6,720,903,183
339,2,2024,B91,14-15 AÑOS MASCULINO AVANZADOS -57 Kg,KUMITE,MASCULINO,15,AVANZADOS,2,1,120,164,44
340,2,2024,B92,14-15 AÑOS MASCULINO AVANZADOS -70 Kg,KUMITE,MASCULINO,15,AVANZADOS,2,1,120,141,21
341,2,2024,B93,14-15 AÑOS MASCULINO AVANZADOS +70 Kg,KUMITE,MASCULINO,15,AVANZADOS,6,5,600,719,119
342,2,2024,B94,14-15 AÑOS FEMENINO EXPERTOS -47 Kg,KUMITE,FEMENINO,15,EXPERTOS,6,5,600,600,0
343,2,2024,B95,14-15 AÑOS FEMENINO EXPERTOS +47 Kg,KUMITE,FEMENINO,15,EXPERTOS,1,0,0,0,0
344,2,2024,B96,14-15 AÑOS MASCULINO EXPERTOS -57 Kg,KUMITE,MASCULINO,15,EXPERTOS,6,5,600,805,205
345,2,2024,B97,14-15 AÑOS MASCULINO EXPERTOS -70 Kg,KUMITE,MASCULINO,15,EXPERTOS,5,4,480,615,135
346,2,2024,B98,14-15 AÑOS MASCULINO EXPERTOS +70 Kg,KUMITE,MASCULINO,15,EXPERTOS,1,0,0,0,0
347,2,2024,B99,16-17 AÑOS FEMENINO PRINCIPIANTES -53 Kg,KUMITE,FEMENINO,17,PRINCIPIANTES,1,0,0,0,0
348,2,2024,B100,16-17 AÑOS FEMENINO PRINCIPIANTES +53 Kg,KUMITE,FEMENINO,17,PRINCIPIANTES,7,6,720,778,58
349,2,2024,B101,16-17 AÑOS MASCULINO PRINCIPIANTES -61 Kg,KUMITE,MASCULINO,17,PRINCIPIANTES,3,2,240,257,17
350,2,2024,B102,16-17 AÑOS MASCULINO PRINCIPIANTES -76 Kg,KUMITE,MASCULINO,17,PRINCIPIANTES,0,0,0,0,0
351,2,2024,B103,16-17 AÑOS MASCULINO PRINCIPIANTES +76 Kg,KUMITE,MASCULINO,17,PRINCIPIANTES,6,5,600,697,97
352,2,2024,B104,16-17 AÑOS FEMENINO NOVATOS -53 Kg,KUMITE,FEMENINO,17,NOVATOS,5,4,480,638,158
353,2,2024,B105,16-17 AÑOS FEMENINO NOVATOS +53 Kg,KUMITE,FEMENINO,17,NOVATOS,1,0,0,0,0
354,2,2024,B106,16-17 AÑOS MASCULINO NOVATOS -61 Kg,KUMITE,MASCULINO,17,NOVATOS,0,0,0,0,0
355,2,2024,B107,16-17 AÑOS MASCULINO NOVATOS -76 Kg,KUMITE,MASCULINO,17,NOVATOS,0,0,0,0,0
356,2,2024,B108,16-17 AÑOS MASCULINO NOVATOS +76 Kg,KUMITE,MASCULINO,17,NOVATOS,7,6,720,878,158
357,2,2024,B109,16-17 AÑOS FEMENINO AVANZADOS -53 Kg,KUMITE,FEMENINO,17,AVANZADOS,1,0,0,0,0
358,2,2024,B110,16-17 AÑOS FEMENINO AVANZADOS +53 Kg,KUMITE,FEMENINO,17,AVANZADOS,3,2,240,280,40
359,2,2024,B111,16-17 AÑOS MASCULINO AVANZADOS -61 Kg,KUMITE,MASCULINO,17,AVANZADOS,3,2,240,275,35
360,2,2024,B112,16-17 AÑOS MASCULINO AVANZADOS -76 Kg,KUMITE,MASCULINO,17,AVANZADOS,5,4,480,549,69
361,2,2024,B113,16-17 AÑOS MASCULINO AVANZADOS +76 Kg,KUMITE,MASCULINO,17,AVANZADOS,0,0,0,0,0
362,2,2024,B114,16-17 AÑOS FEMENINO EXPERTOS -53 Kg,KUMITE,FEMENINO,17,EXPERTOS,9,8,960,1014,54
363,2,2024,B115,16-17 AÑOS FEMENINO EXPERTOS +53 Kg,KUMITE,FEMENINO,17,EXPERTOS,0,0,0,0,0
364,2,2024,B116,16-17 AÑOS MASCULINO EXPERTOS -61 Kg,KUMITE,MASCULINO,17,EXPERTOS,6,5,600,677,77
365,2,2024,B117,16-17 AÑOS MASCULINO EXPERTOS -76 Kg,KUMITE,MASCULINO,17,EXPERTOS,0,0,0,0,0
366,2,2024,B118,16-17 AÑOS MASCULINO EXPERTOS +76 Kg,KUMITE,MASCULINO,17,EXPERTOS,2,1,120,137,17
367,2,2024,B119,FEMENINO PRINCIPIANTES -61 Kg,KUMITE,FEMENINO,18,PRINCIPIANTES,6,5,900,1186,286
368,2,2024,B120,FEMENINO PRINCIPIANTES +61 Kg,KUMITE,FEMENINO,18,PRINCIPIANTES,1,0,0,0,0
369,2,2024,B121,MASCULINO PRINCIPIANTES -67 Kg,KUMITE,MASCULINO,18,PRINCIPIANTES,0,0,0,0,0
370,2,2024,B122,MASCULINO PRINCIPIANTES -84 Kg,KUMITE,MASCULINO,18,PRINCIPIANTES,0,0,0,0,0
371,2,2024,B123,MASCULINO PRINCIPIANTES +84 Kg,KUMITE,MASCULINO,18,PRINCIPIANTES,2,1,180,222,42
372,2,2024,B124,FEMENINO NOVATOS -61 Kg,KUMITE,FEMENINO,18,NOVATOS,6,5,900,1050,150
373,2,2024,B125,FEMENINO NOVATOS +61 Kg,KUMITE,FEMENINO,18,NOVATOS,6,5,900,1332,432
374,2,2024,B125,MASCULINO NOVATOS -67 Kg,KUMITE,MASCULINO,18,NOVATOS,3,2,360,426,66
375,2,2024,B127,MASCULINO NOVATOS -84 Kg,KUMITE,MASCULINO,18,NOVATOS,1,0,0,0,0
376,2,2024,B128,MASCULINO NOVATOS +84 Kg,KUMITE,MASCULINO,18,NOVATOS,2,1,180,246,66
377,2,2024,B129,FEMENINO AVANZADOS -61 Kg,KUMITE,FEMENINO,18,AVANZADOS,0,0,0,0,0
378,2,2024,B130,FEMENINO AVANZADOS +61 Kg,KUMITE,FEMENINO,18,AVANZADOS,12,11,1980,2795,815
379,2,2024,B131,MASCULINO AVANZADOS -67 Kg,KUMITE,MASCULINO,18,AVANZADOS,2,1,180,196,16
380,2,2024,B132,MASCULINO AVANZADOS -84 Kg,KUMITE,MASCULINO,18,AVANZADOS,1,0,0,0,0
381,2,2024,B133,MASCULINO AVANZADOS +84 Kg,KUMITE,MASCULINO,18,AVANZADOS,2,1,180,226,46
382,2,2024,B134,FEMENINO EXPERTOS -50 Kg,KUMITE,FEMENINO,18,EXPERTOS,5,4,720,862,142
383,2,2024,B135,FEMENINO EXPERTOS -55 Kg,KUMITE,FEMENINO,18,EXPERTOS,0,0,0,0,0
384,2,2024,B136,FEMENINO EXPERTOS -61 Kg,KUMITE,FEMENINO,18,EXPERTOS,4,3,540,642,102
385,2,2024,B137,FEMENINO EXPERTOS -68 Kg,KUMITE,FEMENINO,18,EXPERTOS,0,0,0,0,0
386,2,2024,B138,FEMENINO EXPERTOS +68 Kg,KUMITE,FEMENINO,18,EXPERTOS,4,3,540,704,164
387,2,2024,B139,MASCULINO EXPERTOS -60 Kg,KUMITE,MASCULINO,18,EXPERTOS,0,0,0,0,0
388,2,2024,B140,MASCULINO EXPERTOS -67 Kg,KUMITE,MASCULINO,18,EXPERTOS,6,5,900,1068,168
389,2,2024,B141,MASCULINO EXPERTOS -75 Kg,KUMITE,MASCULINO,18,EXPERTOS,7,6,1080,1296,216
390,2,2024,B142,MASCULINO EXPERTOS -84 Kg,KUMITE,MASCULINO,18,EXPERTOS,2,1,180,221,41
391,2,2024,B143,MASCULINO EXPERTOS +84 Kg,KUMITE,MASCULINO,18,EXPERTOS,5,4,720,873,153
392,2,2024,B144,FEMENINO PRINCIPIANTES -61 Kg,KUMITE,FEMENINO,18,PRINCIPIANTES,7,6,1080,1223,143
393,2,2024,B145,FEMENINO PRINCIPIANTES +61 Kg,KUMITE,FEMENINO,18,PRINCIPIANTES,5,4,720,957,237
394,2,2024,B146,MASCULINO PRINCIPIANTES -67 Kg,KUMITE,MASCULINO,18,PRINCIPIANTES,0,0,0,0,0
395,2,2024,B147,MASCULINO PRINCIPIANTES -84 Kg,KUMITE,MASCULINO,18,PRINCIPIANTES,4,3,540,731,191
396,2,2024,B148,MASCULINO PRINCIPIANTES +84 Kg,KUMITE,MASCULINO,18,PRINCIPIANTES,6,5,900,1155,255
397,2,2024,B149,FEMENINO NOVATOS -61 Kg,KUMITE,FEMENINO,18,NOVATOS,3,2,360,436,76
398,2,2024,B150,FEMENINO NOVATOS +61 Kg,KUMITE,FEMENINO,18,NOVATOS,3,2,360,424,64
399,2,2024,B151,MASCULINO NOVATOS -67 Kg,KUMITE,MASCULINO,18,NOVATOS,4,3,540,637,97
400,2,2024,B152,MASCULINO NOVATOS -84 Kg,KUMITE,MASCULINO,18,NOVATOS,8,7,1260,1872,612
401,2,2024,B153,MASCULINO NOVATOS +84 Kg,KUMITE,MASCULINO,18,NOVATOS,2,1,180,241,61
402,2,2024,B154,FEMENINO AVANZADOS -61 Kg,KUMITE,FEMENINO,18,AVANZADOS,0,0,0,0,0
403,2,2024,B155,FEMENINO AVANZADOS +61 Kg,KUMITE,FEMENINO,18,AVANZADOS,16,15,2700,3148,448
404,2,2024,B156,MASCULINO AVANZADOS -67 Kg,KUMITE,MASCULINO,18,AVANZADOS,8,7,1260,1595,335
405,2,2024,B157,MASCULINO AVANZADOS -84 Kg,KUMITE,MASCULINO,18,AVANZADOS,0,0,0,0,0
406,2,2024,B158,MASCULINO AVANZADOS +84 Kg,KUMITE,MASCULINO,18,AVANZADOS,12,11,1980,2403,423
407,2,2024,B159,FEMENINO EXPERTOS -50 Kg,KUMITE,FEMENINO,18,EXPERTOS,4,3,540,706,166
408,2,2024,B160,FEMENINO EXPERTOS -55 Kg,KUMITE,FEMENINO,18,EXPERTOS,1,0,0,0,0
409,2,2024,B161,FEMENINO EXPERTOS -61 Kg,KUMITE,FEMENINO,18,EXPERTOS,5,4,720,939,219
410,2,2024,B162,FEMENINO EXPERTOS -68 Kg,KUMITE,FEMENINO,18,EXPERTOS,2,1,180,244,64
411,2,2024,B163,FEMENINO EXPERTOS +68 Kg,KUMITE,FEMENINO,18,EXPERTOS,0,0,0,0,0
412,2,2024,B164,MASCULINO EXPERTOS -60 Kg,KUMITE,MASCULINO,18,EXPERTOS,1,0,0,0,0
413,2,2024,B165,MASCULINO EXPERTOS -67 Kg,KUMITE,MASCULINO,18,EXPERTOS,9,8,1440,1677,237
414,2,2024,B166,MASCULINO EXPERTOS -75 Kg,KUMITE,MASCULINO,18,EXPERTOS,0,0,0,0,0
415,2,2024,B167,MASCULINO EXPERTOS -84 Kg,KUMITE,MASCULINO,18,EXPERTOS,2,1,180,226,46
416,2,2024,B168,MASCULINO EXPERTOS +84 Kg,KUMITE,MASCULINO,18,EXPERTOS,1,0,0,0,0
417,2,2024,A3,6 AÑOS FEMENINO PRINCIPIANTES,KATA,FEMENINO,6,PRINCIPIANTES,2,1,90,106,16
418,2,2024,A4,6 AÑOS MASCULINO PRINCIPIANTES,KATA,MASCULINO,6,PRINCIPIANTES,1,0,0,0,0
419,2,2024,A5,6 AÑOS FEMENINO NOVATOS,KATA,FEMENINO,6,NOVATOS,1,0,0,0,0
420,2,2024,A6,6 AÑOS MASCULINO NOVATOS,KATA,MASCULINO,6,NOVATOS,2,1,90,128,38
421,2,2024,A7,7 AÑOS FEMENINO PRINCIPIANTES,KATA,FEMENINO,7,PRINCIPIANTES,4,3,270,336,66
422,2,2024,A8,7 AÑOS MASCULINO PRINCIPIANTES,KATA,MASCULINO,7,PRINCIPIANTES,2,1,90,99,9
423,2,2024,A9,7 AÑOS FEMENINO NOVATOS,KATA,FEMENINO,7,NOVATOS,3,2,180,227,47
424,2,2024,A10,7 AÑOS MASCULINO NOVATOS,KATA,MASCULINO,7,NOVATOS,6,5,450,531,81
425,2,2024,A11,8-9 AÑOS FEMENINO PRINCIPIANTES,KATA,FEMENINO,9,PRINCIPIANTES,0,0,0,0,0
426,2,2024,A12,8-9 AÑOS MASCULINO PRINCIPIANTES,KATA,MASCULINO,9,PRINCIPIANTES,9,8,720,960,240
427,2,2024,A13,8-9 AÑOS FEMENINO NOVATOS,KATA,FEMENINO,9,NOVATOS,0,0,0,0,0
428,2,2024,A14,8-9 AÑOS MASCULINO NOVATOS,KATA,MASCULINO,9,NOVATOS,0,0,0,0,0
429,2,2024,A15,8-9 AÑOS FEMENINO AVANZADOS,KATA,FEMENINO,9,AVANZADOS,2,1,90,106,16
430,2,2024,A16,8-9 AÑOS MASCULINO AVANZADOS,KATA,MASCULINO,9,AVANZADOS,6,5,450,542,92
431,2,2024,A17,8-9 AÑOS FEMENINO EXPERTOS,KATA,FEMENINO,9,EXPERTOS,2,1,90,95,5
432,2,2024,A18,8-9 AÑOS MASCULINO EXPERTOS,KATA,MASCULINO,9,EXPERTOS,5,4,360,433,73
433,2,2024,A19,10-11 AÑOS FEMENINO PRINCIPIANTES,KATA,FEMENINO,11,PRINCIPIANTES,3,2,180,181,1
434,2,2024,A20,10-11 AÑOS MASCULINO PRINCIPIANTES,KATA,MASCULINO,11,PRINCIPIANTES,0,0,0,0,0
435,2,2024,A21,10-11 AÑOS FEMENINO NOVATOS,KATA,FEMENINO,11,NOVATOS,17,16,1440,1571,131
436,2,2024,A22,10-11 AÑOS MASCULINO NOVATOS,KATA,MASCULINO,11,NOVATOS,5,4,360,477,117
437,2,2024,A23,10-11 AÑOS FEMENINO AVANZADOS,KATA,FEMENINO,11,AVANZADOS,4,3,270,358,88
438,2,2024,A24,10-11 AÑOS MASCULINO AVANZADOS,KATA,MASCULINO,11,AVANZADOS,4,3,270,348,78
439,2,2024,A25,10-11 AÑOS FEMENINO EXPERTOS,KATA,FEMENINO,11,EXPERTOS,10,9,810,934,124
440,2,2024,A26,10-11 AÑOS MASCULINO EXPERTOS,KATA,MASCULINO,11,EXPERTOS,6,5,450,560,110
441,2,2024,A27,12-13 AÑOS FEMENINO PRINCIPIANTES,KATA,FEMENINO,13,PRINCIPIANTES,5,4,360,449,89
442,2,2024,A28,12-13 AÑOS MASCULINO PRINCIPIANTES,KATA,MASCULINO,13,PRINCIPIANTES,2,1,90,102,12
443,2,2024,A29,12-13 AÑOS FEMENINO NOVATOS,KATA,FEMENINO,13,NOVATOS,5,4,360,504,144
444,2,2024,A30,12-13 AÑOS MASCULINO NOVATOS,KATA,MASCULINO,13,NOVATOS,4,3,270,361,91
445,2,2024,A31,12-13 AÑOS FEMENINO AVANZADOS,KATA,FEMENINO,13,AVANZADOS,4,3,270,331,61
446,2,2024,A32,12-13 AÑOS MASCULINO AVANZADOS,KATA,MASCULINO,13,AVANZADOS,2,1,90,112,22
447,2,2024,A33,12-13 AÑOS FEMENINO EXPERTOS,KATA,FEMENINO,13,EXPERTOS,5,4,360,457,97
448,2,2024,A34,12-13 AÑOS MASCULINO EXPERTOS,KATA,MASCULINO,13,EXPERTOS,7,6,540,564,24
449,2,2024,A35,14-15 AÑOS FEMENINO PRINCIPIANTES,KATA,FEMENINO,15,PRINCIPIANTES,1,0,0,0,0
450,2,2024,A36,14-15 AÑOS MASCULINO PRINCIPIANTES,KATA,MASCULINO,15,PRINCIPIANTES,6,5,600,735,135
451,2,2024,A37,14-15 AÑOS FEMENINO NOVATOS,KATA,FEMENINO,15,NOVATOS,1,0,0,0,0
452,2,2024,A38,14-15 AÑOS MASCULINO NOVATOS,KATA,MASCULINO,15,NOVATOS,1,0,0,0,0
453,2,2024,A39,14-15 AÑOS FEMENINO AVANZADOS,KATA,FEMENINO,15,AVANZADOS,4,3,360,425,65
454,2,2024,A40,14-15 AÑOS MASCULINO AVANZADOS,KATA,MASCULINO,15,AVANZADOS,3,2,240,275,35
455,2,2024,A41,14-15 AÑOS FEMENINO EXPERTOS,KATA,FEMENINO,15,EXPERTOS,6,5,600,733,133
456,2,2024,A42,14-15 AÑOS MASCULINO EXPERTOS,KATA,MASCULINO,15,EXPERTOS,10,9,1080,1544,464
457,2,2024,A43,16-17 AÑOS FEMENINO PRINCIPIANTES,KATA,FEMENINO,17,PRINCIPIANTES,1,0,0,0,0
458,2,2024,A44,16-17 AÑOS MASCULINO PRINCIPIANTES,KATA,MASCULINO,17,PRINCIPIANTES,0,0,0,0,0
459,2,2024,A45,16-17 AÑOS FEMENINO NOVATOS,KATA,FEMENINO,17,NOVATOS,0,0,0,0,0
460,2,2024,A46,16-17 AÑOS MASCULINO NOVATOS,KATA,MASCULINO,17,NOVATOS,4,3,360,473,113
461,2,2024,A47,16-17 AÑOS FEMENINO AVANZADOS,KATA,FEMENINO,17,AVANZADOS,14,13,1560,1860,300
462,2,2024,A48,16-17 AÑOS MASCULINO AVANZADOS,KATA,MASCULINO,17,AVANZADOS,6,5,600,784,184
463,2,2024,A49,16-17 AÑOS FEMENINO EXPERTOS,KATA,FEMENINO,17,EXPERTOS,1,0,0,0,0
464,2,2024,A50,16-17 AÑOS MASCULINO EXPERTOS,KATA,MASCULINO,17,EXPERTOS,8,7,840,1167,327
465,2,2024,A51,FEMENINO PRINCIPIANTES,KATA,FEMENINO,18,PRINCIPIANTES,1,0,0,0,0
466,2,2024,A52,MASCULINO PRINCIPIANTES,KATA,MASCULINO,18,PRINCIPIANTES,8,7,1260,1691,431
467,2,2024,A53,FEMENINO NOVATOS,KATA,FEMENINO,18,NOVATOS,1,0,0,0,0
468,2,2024,A54,MASCULINO NOVATOS,KATA,MASCULINO,18,NOVATOS,6,5,900,1130,230
469,2,2024,A55,FEMENINO AVANZADOS,KATA,FEMENINO,18,AVANZADOS,4,3,540,640,100
470,2,2024,A56,MASCULINO AVANZADOS,KATA,MASCULINO,18,AVANZADOS,13,12,2160,2850,690
471,2,2024,A57,FEMENINO EXPERTOS,KATA,FEMENINO,18,EXPERTOS,1,0,0,0,0
472,2,2024,A58,MASCULINO EXPERTOS,KATA,MASCULINO,18,EXPERTOS,1,0,0,0,0
473,2,2024,A59,FEMENINO PRINCIPIANTES,KATA,FEMENINO,18,PRINCIPIANTES,5,4,720,928,208
474,2,2024,A60,MASCULINO PRINCIPIANTES,KATA,MASCULINO,18,PRINCIPIANTES,1,0,0,0,0
475,2,2024,A61,FEMENINO NOVATOS,KATA,FEMENINO,18,NOVATOS,11,10,1800,2411,611
476,2,2024,A62,MASCULINO NOVATOS,KATA,MASCULINO,18,NOVATOS,6,5,900,1182,282
477,2,2024,A63,FEMENINO AVANZADOS,KATA,FEMENINO,18,AVANZADOS,0,0,0,0,0
478,2,2024,A64,MASCULINO AVANZADOS,KATA,MASCULINO,18,AVANZADOS,0,0,0,0,0
479,2,2024,A65,FEMENINO EXPERTOS,KATA,FEMENINO,18,EXPERTOS,5,4,720,975,255
480,2,2024,A66,MASCULINO EXPERTOS,KATA,MASCULINO,18,EXPERTOS,0,0,0,0,0
481,2,2024,A67,K21 INTELECTUAL,PARA-KARATE,MASCULINO,18,GENERAL,0,0,0,0,0
482,2,2024,A68,K21 INTELECTUAL,PARA-KARATE,FEMENINO,18,GENERAL,5,4,720,861,141
483,2,2024,A69,K22 SÍNDROME DE DOWN,PARA-KARATE,MASCULINO,18,GENERAL,1,0,0,0,0
484,2,2024,A70,K22 SÍNDROME DE DOWN,PARA-KARATE,FEMENINO,18,GENERAL,2,1,180,244,64
485,2,2024,A71,K23 AUTISMO,PARA-KARATE,MASCULINO,18,GENERAL,1,0,0,0,0
486,2,2024,A72,K23 AUTISMO,PARA-KARATE,FEMENINO,18,GENERAL,2,1,180,223,43
487,2,2024,A73,K11 VISUAL MODERADO,PARA-KARATE,MASCULINO,18,GENERAL,0,0,0,0,0
488,2,2024,A74,K11 VISUAL MODERADO,PARA-KARATE,FEMENINO,18,GENERAL,6,5,900,1208,308
489,2,2024,A75,K12 VISUAL SEVERO,PARA-KARATE,MASCULINO,18,GENERAL,1,0,0,0,0
490,2,2024,A76,K12 VISUAL SEVERO,PARA-KARATE,FEMENINO,18,GENERAL,0,0,0,0,0
491,2,2024,A77,K30 SILLAS DE RUEDAS,PARA-KARATE,MASCULINO,18,GENERAL,0,0,0,0,0
492,2,2024,A78,K30 SILLAS DE RUEDAS,PARA-KARATE,FEMENINO,18,GENERAL,0,0,0,0,0
493,2,2024,A79,K40 FÍSICO DE PIE,PARA-KARATE,MASCULINO,18,GENERAL,0,0,0,0,0
494,2,2024,A80,K40 FÍSICO DE PIE,PARA-KARATE,FEMENINO,18,GENERAL,0,0,0,0,0
495,2,2024,A81,K50 SORDOLIMPICOS,PARA-KARATE,MASCULINO,18,GENERAL,5,4,720,962,242
496,2,2024,A82,K50 SORDOLIMPICOS,PARA-KARATE,FEMENINO,18,GENERAL,0,0,0,0,0
497,3,2025,B1,4-5 AÑOS NIÑAS,KUMITE,FEMENINO,5,GENERAL,0,0,0,0,0
498,3,2025,B2,4-5 AÑOS NIÑOS,KUMITE,MASCULINO,5,GENERAL,0,0,0,0,0
499,3,2025,B3,6 AÑOS FEMENINO PRINCIPIANTES -19 Kg,KUMITE,FEMENINO,6,PRINCIPIANTES,0,0,0,0,0
500,3,2025,B4,6 AÑOS FEMENINO PRINCIPIANTES +19 Kg,KUMITE,FEMENINO,6,PRINCIPIANTES,17,16,1440,1804,364
501,3,2025,B5,6 AÑOS MASCULINO PRINCIPIANTES -20 Kg,KUMITE,MASCULINO,6,PRINCIPIANTES,1,0,0,0,0
502,3,2025,B6,6 AÑOS MASCULINO PRINCIPIANTES +20 Kg,KUMITE,MASCULINO,6,PRINCIPIANTES,5,4,360,449,89
503,3,2025,B7,6 AÑOS FEMENINO NOVATOS -19 Kg,KUMITE,FEMENINO,6,NOVATOS,6,5,450,611,161
504,3,2025,B8,6 AÑOS FEMENINO NOVATOS +19 Kg,KUMITE,FEMENINO,6,NOVATOS,0,0,0,0,0
505,3,2025,B9,6 AÑOS MASCULINO NOVATOS -18 Kg,KUMITE,MASCULINO,6,NOVATOS,8,7,630,817,187
506,3,2025,B10,6 AÑOS MASCULINO NOVATOS +20 Kg,KUMITE,MASCULINO,6,NOVATOS,2,1,90,112,22
507,3,2025,B11,7 AÑOS FEMENINO PRINCIPIANTES -20 Kg,KUMITE,FEMENINO,7,PRINCIPIANTES,4,3,270,359,89
508,3,2025,B12,7 AÑOS FEMENINO PRINCIPIANTES +20 Kg,KUMITE,FEMENINO,7,PRINCIPIANTES,8,7,630,875,245
509,3,2025,B13,7 AÑOS MASCULINO PRINCIPIANTES -22 Kg,KUMITE,MASCULINO,7,PRINCIPIANTES,1,0,0,0,0
510,3,2025,B14,7 AÑOS MASCULINO PRINCIPIANTES +22 Kg,KUMITE,MASCULINO,7,PRINCIPIANTES,0,0,0,0,0
511,3,2025,B15,7 AÑOS FEMENINO NOVATOS -20 Kg,KUMITE,FEMENINO,7,NOVATOS,2,1,90,117,27
512,3,2025,B16,7 AÑOS FEMENINO NOVATOS +20 Kg,KUMITE,FEMENINO,7,NOVATOS,11,10,900,1125,225
513,3,2025,B17,7 AÑOS MASCULINO NOVATOS -22 Kg,KUMITE,MASCULINO,7,NOVATOS,1,0,0,0,0
514,3,2025,B18,7 AÑOS MASCULINO NOVATOS +22 Kg,KUMITE,MASCULINO,7,NOVATOS,2,1,90,100,10
515,3,2025,B19,8-9 AÑOS FEMENINO PRINCIPIANTES -28 Kg,KUMITE,FEMENINO,9,PRINCIPIANTES,4,3,270,308,38
516,3,2025,B20,8-9 AÑOS FEMENINO PRINCIPIANTES +28 Kg,KUMITE,FEMENINO,9,PRINCIPIANTES,6,5,450,548,98
517,3,2025,B21,8-9 AÑOS MASCULINO PRINCIPIANTES -28 Kg,KUMITE,MASCULINO,9,PRINCIPIANTES,0,0,0,0,0
518,3,2025,B22,8-9 AÑOS MASCULINO PRINCIPIANTES -36 Kg,KUMITE,MASCULINO,9,PRINCIPIANTES,4,3,270,321,51
519,3,2025,B23,8-9 AÑOS MASCULINO PRINCIPIANTES +36 Kg,KUMITE,MASCULINO,9,PRINCIPIANTES,5,4,360,443,83
520,3,2025,B24,8-9 AÑOS FEMENINO NOVATOS -28 Kg,KUMITE,FEMENINO,9,NOVATOS,0,0,0,0,0
521,3,2025,B25,8-9 AÑOS FEMENINO NOVATOS +28 Kg,KUMITE,FEMENINO,9,NOVATOS,1,0,0,0,0
522,3,2025,B26,8-9 AÑOS MASCULINO NOVATOS -28 Kg,KUMITE,MASCULINO,9,NOVATOS,10,9,810,1017,207
523,3,2025,B27,8-9 AÑOS MASCULINO NOVATOS -36 Kg,KUMITE,MASCULINO,9,NOVATOS,1,0,0,0,0
524,3,2025,B28,8-9 AÑOS MASCULINO NOVATOS +36 Kg,KUMITE,MASCULINO,9,NOVATOS,8,7,630,820,190
525,3,2025,B29,8-9 AÑOS FEMENINO AVANZADOS -28 Kg,KUMITE,FEMENINO,9,AVANZADOS,1,0,0,0,0
526,3,2025,B30,8-9 AÑOS FEMENINO AVANZADOS +28 Kg,KUMITE,FEMENINO,9,AVANZADOS,1,0,0,0,0
527,3,2025,B31,8-9 AÑOS MASCULINO AVANZADOS -28 Kg,KUMITE,MASCULINO,9,AVANZADOS,6,5,450,559,109
528,3,2025,B32,8-9 AÑOS MASCULINO AVANZADOS -36 Kg,KUMITE,MASCULINO,9,AVANZADOS,5,4,360,467,107
529,3,2025,B33,8-9 AÑOS MASCULINO AVANZADOS +36 Kg,KUMITE,MASCULINO,9,AVANZADOS,2,1,90,113,23
530,3,2025,B34,8-9 AÑOS FEMENINO EXPERTOS -28 Kg,KUMITE,FEMENINO,9,EXPERTOS,3,2,180,189,9
531,3,2025,B35,8-9 AÑOS FEMENINO EXPERTOS +28 Kg,KUMITE,FEMENINO,9,EXPERTOS,3,2,180,208,28
532,3,2025,B36,8-9 AÑOS MASCULINO EXPERTOS -28 Kg,KUMITE,MASCULINO,9,EXPERTOS,0,0,0,0,0
533,3,2025,B37,8-9 AÑOS MASCULINO EXPERTOS -36 Kg,KUMITE,MASCULINO,9,EXPERTOS,2,1,90,111,21
534,3,2025,B38,8-9 AÑOS MASCULINO EXPERTOS +36 Kg,KUMITE,MASCULINO,9,EXPERTOS,19,18,1620,1829,209
535,3,2025,B39,10-11 AÑOS FEMENINO PRINCIPIANTES -35 Kg,KUMITE,FEMENINO,11,PRINCIPIANTES,1,0,0,0,0
536,3,2025,B40,10-11 AÑOS FEMENINO PRINCIPIANTES +35 Kg,KUMITE,FEMENINO,11,PRINCIPIANTES,6,5,450,589,139
537,3,2025,B41,10-11 AÑOS MASCULINO PRINCIPIANTES -35 Kg,KUMITE,MASCULINO,11,PRINCIPIANTES,3,2,180,252,72
538,3,2025,B42,10-11 AÑOS MASCULINO PRINCIPIANTES -45 Kg,KUMITE,MASCULINO,11,PRINCIPIANTES,3,2,180,246,66
539,3,2025,B43,10-11 AÑOS MASCULINO PRINCIPIANTES +45 Kg,KUMITE,MASCULINO,11,PRINCIPIANTES,0,0,0,0,0
540,3,2025,B44,10-11 AÑOS FEMENINO NOVATOS -35 Kg,KUMITE,FEMENINO,11,NOVATOS,13,12,1080,1326,246
541,3,2025,B45,10-11 AÑOS FEMENINO NOVATOS +35 Kg,KUMITE,FEMENINO,11,NOVATOS,2,1,90,125,35
542,3,2025,B46,10-11 AÑOS MASCULINO NOVATOS -35 Kg,KUMITE,MASCULINO,11,NOVATOS,2,1,90,113,23
543,3,2025,B47,10-11 AÑOS MASCULINO NOVATOS -45 Kg,KUMITE,MASCULINO,11,NOVATOS,1,0,0,0,0
544,3,2025,B48,10-11 AÑOS MASCULINO NOVATOS +45 Kg,KUMITE,MASCULINO,11,NOVATOS,0,0,0,0,0
545,3,2025,B49,10-11 AÑOS FEMENINO AVANZADOS -35 Kg,KUMITE,FEMENINO,11,AVANZADOS,1,0,0,0,0
546,3,2025,B50,10-11 AÑOS FEMENINO AVANZADOS +35 Kg,KUMITE,FEMENINO,11,AVANZADOS,2,1,90,109,19
547,3,2025,B51,10-11 AÑOS MASCULINO AVANZADOS -35 Kg,KUMITE,MASCULINO,11,AVANZADOS,5,4,360,427,67
548,3,2025,B52,10-11 AÑOS MASCULINO AVANZADOS -45 Kg,KUMITE,MASCULINO,11,AVANZADOS,3,2,180,219,39
549,3,2025,B53,10-11 AÑOS MASCULINO AVANZADOS +45 Kg,KUMITE,MASCULINO,11,AVANZADOS,1,0,0,0,0
550,3,2025,B54,10-11 AÑOS FEMENINO EXPERTOS -35 Kg,KUMITE,FEMENINO,11,EXPERTOS,4,3,270,327,57
551,3,2025,B55,10-11 AÑOS FEMENINO EXPERTOS +35 Kg,KUMITE,FEMENINO,11,EXPERTOS,2,1,90,114,24
552,3,2025,B56,10-11 AÑOS MASCULINO EXPERTOS -35 Kg,KUMITE,MASCULINO,11,EXPERTOS,1,0,0,0,0
553,3,2025,B57,10-11 AÑOS MASCULINO EXPERTOS -45 Kg,KUMITE,MASCULINO,11,EXPERTOS,0,0,0,0,0
554,3,2025,B58,10-11 AÑOS MASCULINO EXPERTOS +45 Kg,KUMITE,MASCULINO,11,EXPERTOS,0,0,0,0,0
555,3,2025,B59,12-13 AÑOS FEMENINO PRINCIPIANTES -42 Kg,KUMITE,FEMENINO,13,PRINCIPIANTES,3,2,180,227,47
556,3,2025,B60,12-13 AÑOS FEMENINO PRINCIPIANTES +42 Kg,KUMITE,FEMENINO,13,PRINCIPIANTES,5,4,360,450,90
557,3,2025,B61,12-13 AÑOS MASCULINO PRINCIPIANTES -45 Kg,KUMITE,MASCULINO,13,PRINCIPIANTES,4,3,270,349,79
558,3,2025,B62,12-13 AÑOS MASCULINO PRINCIPIANTES -55 Kg,KUMITE,MASCULINO,13,PRINCIPIANTES,5,4,360,492,132
559,3,2025,B63,12-13 AÑOS MASCULINO PRINCIPIANTES +55 Kg,KUMITE,MASCULINO,13,PRINCIPIANTES,3,2,180,242,62
560,3,2025,B64,12-13 AÑOS FEMENINO NOVATOS -42 Kg,KUMITE,FEMENINO,13,NOVATOS,0,0,0,0,0
561,3,2025,B65,12-13 AÑOS FEMENINO NOVATOS +42 Kg,KUMITE,FEMENINO,13,NOVATOS,8,7,630,693,63
562,3,2025,B66,12-13 AÑOS MASCULINO NOVATOS -45 Kg,KUMITE,MASCULINO,13,NOVATOS,1,0,0,0,0
563,3,2025,B67,12-13 AÑOS MASCULINO NOVATOS -55 Kg,KUMITE,MASCULINO,13,NOVATOS,0,0,0,0,0
564,3,2025,B68,12-13 AÑOS MASCULINO NOVATOS +55 Kg,KUMITE,MASCULINO,13,NOVATOS,0,0,0,0,0
565,3,2025,B69,12-13 AÑOS FEMENINO AVANZADOS -42 Kg,KUMITE,FEMENINO,13,AVANZADOS,0,0,0,0,0
566,3,2025,B70,12-13 AÑOS FEMENINO AVANZADOS +42 Kg,KUMITE,FEMENINO,13,AVANZADOS,3,2,180,180,0
567,3,2025,B71,12-13 AÑOS MASCULINO AVANZADOS -45 Kg,KUMITE,MASCULINO,13,AVANZADOS,10,9,810,1088,278
568,3,2025,B72,12-13 AÑOS MASCULINO AVANZADOS -55 Kg,KUMITE,MASCULINO,13,AVANZADOS,1,0,0,0,0
569,3,2025,B73,12-13 AÑOS MASCULINO AVANZADOS +55 Kg,KUMITE,MASCULINO,13,AVANZADOS,0,0,0,0,0
570,3,2025,B74,12-13 AÑOS FEMENINO EXPERTOS -42 Kg,KUMITE,FEMENINO,13,EXPERTOS,3,2,180,200,20
571,3,2025,B75,12-13 AÑOS FEMENINO EXPERTOS +42 Kg,KUMITE,FEMENINO,13,EXPERTOS,9,8,720,883,163
572,3,2025,B76,12-13 AÑOS MASCULINO EXPERTOS -45 Kg,KUMITE,MASCULINO,13,EXPERTOS,1,0,0,0,0
573,3,2025,B77,12-13 AÑOS MASCULINO EXPERTOS -55 Kg,KUMITE,MASCULINO,13,EXPERTOS,3,2,180,203,23
574,3,2025,B78,12-13 AÑOS MASCULINO EXPERTOS +55 Kg,KUMITE,MASCULINO,13,EXPERTOS,0,0,0,0,0
575,3,2025,B79,14-15 AÑOS FEMENINO PRINCIPIANTES -47 Kg,KUMITE,FEMENINO,15,PRINCIPIANTES,3,2,240,256,16
576,3,2025,B80,14-15 AÑOS FEMENINO PRINCIPIANTES +47 Kg,KUMITE,FEMENINO,15,PRINCIPIANTES,11,10,1200,1564,364
577,3,2025,B81,14-15 AÑOS MASCULINO PRINCIPIANTES -57 Kg,KUMITE,MASCULINO,15,PRINCIPIANTES,8,7,840,1113,273
578,3,2025,B82,14-15 AÑOS MASCULINO PRINCIPIANTES -70 Kg,KUMITE,MASCULINO,15,PRINCIPIANTES,0,0,0,0,0
579,3,2025,B83,14-15 AÑOS MASCULINO PRINCIPIANTES +70 Kg,KUMITE,MASCULINO,15,PRINCIPIANTES,12,11,1320,1573,253
580,3,2025,B84,14-15 AÑOS FEMENINO NOVATOS -47 Kg,KUMITE,FEMENINO,15,NOVATOS,3,2,240,240,0
581,3,2025,B85,14-15 AÑOS FEMENINO NOVATOS +47 Kg,KUMITE,FEMENINO,15,NOVATOS,4,3,360,430,70
582,3,2025,B86,14-15 AÑOS MASCULINO NOVATOS -57 Kg,KUMITE,MASCULINO,15,NOVATOS,0,0,0,0,0
583,3,2025,B87,14-15 AÑOS MASCULINO NOVATOS -70 Kg,KUMITE,MASCULINO,15,NOVATOS,5,4,480,618,138
584,3,2025,B88,14-15 AÑOS MASCULINO NOVATOS +70 Kg,KUMITE,MASCULINO,15,NOVATOS,1,0,0,0,0
585,3,2025,B89,14-15 AÑOS FEMENINO AVANZADOS -47 Kg,KUMITE,FEMENINO,15,AVANZADOS,3,2,240,264,24
586,3,2025,B90,14-15 AÑOS FEMENINO AVANZADOS +47 Kg,KUMITE,FEMENINO,15,AVANZADOS,0,0,0,0,0
587,3,2025,B91,14-15 AÑOS MASCULINO AVANZADOS -57 Kg,KUMITE,MASCULINO,15,AVANZADOS,0,0,0,0,0
588,3,2025,B92,14-15 AÑOS MASCULINO AVANZADOS -70 Kg,KUMITE,MASCULINO,15,AVANZADOS,0,0,0,0,0
589,3,2025,B93,14-15 AÑOS MASCULINO AVANZADOS +70 Kg,KUMITE,MASCULINO,15,AVANZADOS,5,4,480,608,128
590,3,2025,B94,14-15 AÑOS FEMENINO EXPERTOS -47 Kg,KUMITE,FEMENINO,15,EXPERTOS,0,0,0,0,0
591,3,2025,B95,14-15 AÑOS FEMENINO EXPERTOS +47 Kg,KUMITE,FEMENINO,15,EXPERTOS,6,5,600,749,149
592,3,2025,B96,14-15 AÑOS MASCULINO EXPERTOS -57 Kg,KUMITE,MASCULINO,15,EXPERTOS,11,10,1200,1569,369
593,3,2025,B97,14-15 AÑOS MASCULINO EXPERTOS -70 Kg,KUMITE,MASCULINO,15,EXPERTOS,0,0,0,0,0
594,3,2025,B98,14-15 AÑOS MASCULINO EXPERTOS +70 Kg,KUMITE,MASCULINO,15,EXPERTOS,7,6,720,908,188
595,3,2025,B99,16-17 AÑOS FEMENINO PRINCIPIANTES -53 Kg,KUMITE,FEMENINO,17,PRINCIPIANTES,3,2,240,276,36
596,3,2025,B100,16-17 AÑOS FEMENINO PRINCIPIANTES +53 Kg,KUMITE,FEMENINO,17,PRINCIPIANTES,8,7,840,1150,310
597,3,2025,B101,16-17 AÑOS MASCULINO PRINCIPIANTES -61 Kg,KUMITE,MASCULINO,17,PRINCIPIANTES,0,0,0,0,0
598,3,2025,B102,16-17 AÑOS MASCULINO PRINCIPIANTES -76 Kg,KUMITE,MASCULINO,17,PRINCIPIANTES,3,2,240,296,56
599,3,2025,B103,16-17 AÑOS MASCULINO PRINCIPIANTES +76 Kg,KUMITE,MASCULINO,17,PRINCIPIANTES,8,7,840,1047,207
600,3,2025,B104,16-17 AÑOS FEMENINO NOVATOS -53 Kg,KUMITE,FEMENINO,17,NOVATOS,20,19,2280,2637,357
601,3,2025,B105,16-17 AÑOS FEMENINO NOVATOS +53 Kg,KUMITE,FEMENINO,17,NOVATOS,5,4,480,578,98
602,3,2025,B106,16-17 AÑOS MASCULINO NOVATOS -61 Kg,KUMITE,MASCULINO,17,NOVATOS,3,2,240,278,38
603,3,2025,B107,16-17 AÑOS MASCULINO NOVATOS -76 Kg,KUMITE,MASCULINO,17,NOVATOS,5,4,480,591,111
604,3,2025,B108,16-17 AÑOS MASCULINO NOVATOS +76 Kg,KUMITE,MASCULINO,17,NOVATOS,7,6,720,1023,303
605,3,2025,B109,16-17 AÑOS FEMENINO AVANZADOS -53 Kg,KUMITE,FEMENINO,17,AVANZADOS,1,0,0,0,0
606,3,2025,B110,16-17 AÑOS FEMENINO AVANZADOS +53 Kg,KUMITE,FEMENINO,17,AVANZADOS,0,0,0,0,0
607,3,2025,B111,16-17 AÑOS MASCULINO AVANZADOS -61 Kg,KUMITE,MASCULINO,17,AVANZADOS,15,14,1680,1869,189
608,3,2025,B112,16-17 AÑOS MASCULINO AVANZADOS -76 Kg,KUMITE,MASCULINO,17,AVANZADOS,2,1,120,130,10
609,3,2025,B113,16-17 AÑOS MASCULINO AVANZADOS +76 Kg,KUMITE,MASCULINO,17,AVANZADOS,5,4,480,670,190
610,3,2025,B114,16-17 AÑOS FEMENINO EXPERTOS -53 Kg,KUMITE,FEMENINO,17,EXPERTOS,0,0,0,0,0
611,3,2025,B115,16-17 AÑOS FEMENINO EXPERTOS +53 Kg,KUMITE,FEMENINO,17,EXPERTOS,4,3,360,442,82
612,3,2025,B116,16-17 AÑOS MASCULINO EXPERTOS -61 Kg,KUMITE,MASCULINO,17,EXPERTOS,0,0,0,0,0
613,3,2025,B117,16-17 AÑOS MASCULINO EXPERTOS -76 Kg,KUMITE,MASCULINO,17,EXPERTOS,3,2,240,283,43
614,3,2025,B118,16-17 AÑOS MASCULINO EXPERTOS +76 Kg,KUMITE,MASCULINO,17,EXPERTOS,1,0,0,0,0
615,3,2025,B119,FEMENINO PRINCIPIANTES -61 Kg,KUMITE,FEMENINO,18,PRINCIPIANTES,3,2,360,487,127
616,3,2025,B120,FEMENINO PRINCIPIANTES +61 Kg,KUMITE,FEMENINO,18,PRINCIPIANTES,20,19,3420,4067,647
617,3,2025,B121,MASCULINO PRINCIPIANTES -67 Kg,KUMITE,MASCULINO,18,PRINCIPIANTES,0,0,0,0,0
618,3,2025,B122,MASCULINO PRINCIPIANTES -84 Kg,KUMITE,MASCULINO,18,PRINCIPIANTES,19,18,3240,4641,1401
619,3,2025,B123,MASCULINO PRINCIPIANTES +84 Kg,KUMITE,MASCULINO,18,PRINCIPIANTES,1,0,0,0,0
620,3,2025,B124,FEMENINO NOVATOS -61 Kg,KUMITE,FEMENINO,18,NOVATOS,6,5,900,1186,286
621,3,2025,B125,FEMENINO NOVATOS +61 Kg,KUMITE,FEMENINO,18,NOVATOS,3,2,360,432,72
622,3,2025,B125,MASCULINO NOVATOS -67 Kg,KUMITE,MASCULINO,18,NOVATOS,8,7,1260,1846,586
623,3,2025,B127,MASCULINO NOVATOS -84 Kg,KUMITE,MASCULINO,18,NOVATOS,8,7,1260,1498,238
624,3,2025,B128,MASCULINO NOVATOS +84 Kg,KUMITE,MASCULINO,18,NOVATOS,7,6,1080,1430,350
625,3,2025,B129,FEMENINO AVANZADOS -61 Kg,KUMITE,FEMENINO,18,AVANZADOS,3,2,360,460,100
626,3,2025,B130,FEMENINO AVANZADOS +61 Kg,KUMITE,FEMENINO,18,AVANZADOS,1,0,0,0,0
627,3,2025,B131,MASCULINO AVANZADOS -67 Kg,KUMITE,MASCULINO,18,AVANZADOS,4,3,540,745,205
628,3,2025,B132,MASCULINO AVANZADOS -84 Kg,KUMITE,MASCULINO,18,AVANZADOS,3,2,360,506,146
629,3,2025,B133,MASCULINO AVANZADOS +84 Kg,KUMITE,MASCULINO,18,AVANZADOS,6,5,900,1127,227
630,3,2025,B134,FEMENINO EXPERTOS -50 Kg,KUMITE,FEMENINO,18,EXPERTOS,3,2,360,422,62
631,3,2025,B135,FEMENINO EXPERTOS -55 Kg,KUMITE,FEMENINO,18,EXPERTOS,3,2,360,466,106
632,3,2025,B136,FEMENINO EXPERTOS -61 Kg,KUMITE,FEMENINO,18,EXPERTOS,8,7,1260,1489,229
633,3,2025,B137,FEMENINO EXPERTOS -68 Kg,KUMITE,FEMENINO,18,EXPERTOS,1,0,0,0,0
634,3,2025,B138,FEMENINO EXPERTOS +68 Kg,KUMITE,FEMENINO,18,EXPERTOS,0,0,0,0,0
635,3,2025,B139,MASCULINO EXPERTOS -60 Kg,KUMITE,MASCULINO,18,EXPERTOS,0,0,0,0,0
636,3,2025,B140,MASCULINO EXPERTOS -67 Kg,KUMITE,MASCULINO,18,EXPERTOS,1,0,0,0,0
637,3,2025,B141,MASCULINO EXPERTOS -75 Kg,KUMITE,MASCULINO,18,EXPERTOS,1,0,0,0,0
638,3,2025,B142,MASCULINO EXPERTOS -84 Kg,KUMITE,MASCULINO,18,EXPERTOS,0,0,0,0,0
639,3,2025,B143,MASCULINO EXPERTOS +84 Kg,KUMITE,MASCULINO,18,EXPERTOS,7,6,1080,1567,487
640,3,2025,B144,FEMENINO PRINCIPIANTES -61 Kg,KUMITE,FEMENINO,18,PRINCIPIANTES,2,1,180,227,47
641,3,2025,B145,FEMENINO PRINCIPIANTES +61 Kg,KUMITE,FEMENINO,18,PRINCIPIANTES,1,0,0,0,0
642,3,2025,B146,MASCULINO PRINCIPIANTES -67 Kg,KUMITE,MASCULINO,18,PRINCIPIANTES,1,0,0,0,0
643,3,2025,B147,MASCULINO PRINCIPIANTES -84 Kg,KUMITE,MASCULINO,18,PRINCIPIANTES,1,0,0,0,0
644,3,2025,B148,MASCULINO PRINCIPIANTES +84 Kg,KUMITE,MASCULINO,18,PRINCIPIANTES,1,0,0,0,0
645,3,2025,B149,FEMENINO NOVATOS -61 Kg,KUMITE,FEMENINO,18,NOVATOS,0,0,0,0,0
646,3,2025,B150,FEMENINO NOVATOS +61 Kg,KUMITE,FEMENINO,18,NOVATOS,6,5,900,1092,192
647,3,2025,B151,MASCULINO NOVATOS -67 Kg,KUMITE,MASCULINO,18,NOVATOS,4,3,540,684,144
648,3,2025,B152,MASCULINO NOVATOS -84 Kg,KUMITE,MASCULINO,18,NOVATOS,8,7,1260,1405,145
649,3,2025,B153,MASCULINO NOVATOS +84 Kg,KUMITE,MASCULINO,18,NOVATOS,3,2,360,415,55
650,3,2025,B154,FEMENINO AVANZADOS -61 Kg,KUMITE,FEMENINO,18,AVANZADOS,0,0,0,0,0
651,3,2025,B155,FEMENINO AVANZADOS +61 Kg,KUMITE,FEMENINO,18,AVANZADOS,10,9,1620,2219,599
652,3,2025,B156,MASCULINO AVANZADOS -67 Kg,KUMITE,MASCULINO,18,AVANZADOS,0,0,0,0,0
653,3,2025,B157,MASCULINO AVANZADOS -84 Kg,KUMITE,MASCULINO,18,AVANZADOS,3,2,360,426,66
654,3,2025,B158,MASCULINO AVANZADOS +84 Kg,KUMITE,MASCULINO,18,AVANZADOS,0,0,0,0,0
655,3,2025,B159,FEMENINO EXPERTOS -50 Kg,KUMITE,FEMENINO,18,EXPERTOS,2,1,180,206,26
656,3,2025,B160,FEMENINO EXPERTOS -55 Kg,KUMITE,FEMENINO,18,EXPERTOS,3,2,360,469,109
657,3,2025,B161,FEMENINO EXPERTOS -61 Kg,KUMITE,FEMENINO,18,EXPERTOS,2,1,180,246,66
658,3,2025,B162,FEMENINO EXPERTOS -68 Kg,KUMITE,FEMENINO,18,EXPERTOS,3,2,360,475,115
659,3,2025,B163,FEMENINO EXPERTOS +68 Kg,KUMITE,FEMENINO,18,EXPERTOS,1,0,0,0,0
660,3,2025,B164,MASCULINO EXPERTOS -60 Kg,KUMITE,MASCULINO,18,EXPERTOS,0,0,0,0,0
661,3,2025,B165,MASCULINO EXPERTOS -67 Kg,KUMITE,MASCULINO,18,EXPERTOS,4,3,540,728,188
662,3,2025,B166,MASCULINO EXPERTOS -75 Kg,KUMITE,MASCULINO,18,EXPERTOS,3,2,360,422,62
663,3,2025,B167,MASCULINO EXPERTOS -84 Kg,KUMITE,MASCULINO,18,EXPERTOS,5,4,720,797,77
664,3,2025,B168,MASCULINO EXPERTOS +84 Kg,KUMITE,MASCULINO,18,EXPERTOS,9,8,1440,2016,576
665,3,2025,A3,6 AÑOS FEMENINO PRINCIPIANTES,KATA,FEMENINO,6,PRINCIPIANTES,0,0,0,0,0
666,3,2025,A4,6 AÑOS MASCULINO PRINCIPIANTES,KATA,MASCULINO,6,PRINCIPIANTES,0,0,0,0,0
667,3,2025,A5,6 AÑOS FEMENINO NOVATOS,KATA,FEMENINO,6,NOVATOS,0,0,0,0,0
668,3,2025,A6,6 AÑOS MASCULINO NOVATOS,KATA,MASCULINO,6,NOVATOS,5,4,360,434,74
669,3,2025,A7,7 AÑOS FEMENINO PRINCIPIANTES,KATA,FEMENINO,7,PRINCIPIANTES,6,5,450,522,72
670,3,2025,A8,7 AÑOS MASCULINO PRINCIPIANTES,KATA,MASCULINO,7,PRINCIPIANTES,8,7,630,734,104
671,3,2025,A9,7 AÑOS FEMENINO NOVATOS,KATA,FEMENINO,7,NOVATOS,0,0,0,0,0
672,3,2025,A10,7 AÑOS MASCULINO NOVATOS,KATA,MASCULINO,7,NOVATOS,14,13,1170,1446,276
673,3,2025,A11,8-9 AÑOS FEMENINO PRINCIPIANTES,KATA,FEMENINO,9,PRINCIPIANTES,9,8,720,934,214
674,3,2025,A12,8-9 AÑOS MASCULINO PRINCIPIANTES,KATA,MASCULINO,9,PRINCIPIANTES,0,0,0,0,0
675,3,2025,A13,8-9 AÑOS FEMENINO NOVATOS,KATA,FEMENINO,9,NOVATOS,18,17,1530,1703,173
676,3,2025,A14,8-9 AÑOS MASCULINO NOVATOS,KATA,MASCULINO,9,NOVATOS,5,4,360,456,96
677,3,2025,A15,8-9 AÑOS FEMENINO AVANZADOS,KATA,FEMENINO,9,AVANZADOS,4,3,270,353,83
678,3,2025,A16,8-9 AÑOS MASCULINO AVANZADOS,KATA,MASCULINO,9,AVANZADOS,4,3,270,387,117
679,3,2025,A17,8-9 AÑOS FEMENINO EXPERTOS,KATA,FEMENINO,9,EXPERTOS,6,5,450,514,64
680,3,2025,A18,8-9 AÑOS MASCULINO EXPERTOS,KATA,MASCULINO,9,EXPERTOS,6,5,450,546,96
681,3,2025,A19,10-11 AÑOS FEMENINO PRINCIPIANTES,KATA,FEMENINO,11,PRINCIPIANTES,1,0,0,0,0
682,3,2025,A20,10-11 AÑOS MASCULINO PRINCIPIANTES,KATA,MASCULINO,11,PRINCIPIANTES,0,0,0,0,0
683,3,2025,A21,10-11 AÑOS FEMENINO NOVATOS,KATA,FEMENINO,11,NOVATOS,14,13,1170,1493,323
684,3,2025,A22,10-11 AÑOS MASCULINO NOVATOS,KATA,MASCULINO,11,NOVATOS,0,0,0,0,0
685,3,2025,A23,10-11 AÑOS FEMENINO AVANZADOS,KATA,FEMENINO,11,AVANZADOS,3,2,180,245,65
686,3,2025,A24,10-11 AÑOS MASCULINO AVANZADOS,KATA,MASCULINO,11,AVANZADOS,1,0,0,0,0
687,3,2025,A25,10-11 AÑOS FEMENINO EXPERTOS,KATA,FEMENINO,11,EXPERTOS,6,5,450,548,98
688,3,2025,A26,10-11 AÑOS MASCULINO EXPERTOS,KATA,MASCULINO,11,EXPERTOS,3,2,180,246,66
689,3,2025,A27,12-13 AÑOS FEMENINO PRINCIPIANTES,KATA,FEMENINO,13,PRINCIPIANTES,11,10,900,950,50
690,3,2025,A28,12-13 AÑOS MASCULINO PRINCIPIANTES,KATA,MASCULINO,13,PRINCIPIANTES,0,0,0,0,0
691,3,2025,A29,12-13 AÑOS FEMENINO NOVATOS,KATA,FEMENINO,13,NOVATOS,0,0,0,0,0
692,3,2025,A30,12-13 AÑOS MASCULINO NOVATOS,KATA,MASCULINO,13,NOVATOS,2,1,90,101,11
693,3,2025,A31,12-13 AÑOS FEMENINO AVANZADOS,KATA,FEMENINO,13,AVANZADOS,19,18,1620,2081,461
694,3,2025,A32,12-13 AÑOS MASCULINO AVANZADOS,KATA,MASCULINO,13,AVANZADOS,4,3,270,299,29
695,3,2025,A33,12-13 AÑOS FEMENINO EXPERTOS,KATA,FEMENINO,13,EXPERTOS,1,0,0,0,0
696,3,2025,A34,12-13 AÑOS MASCULINO EXPERTOS,KATA,MASCULINO,13,EXPERTOS,9,8,720,815,95
697,3,2025,A35,14-15 AÑOS FEMENINO PRINCIPIANTES,KATA,FEMENINO,15,PRINCIPIANTES,12,11,1320,1580,260
698,3,2025,A36,14-15 AÑOS MASCULINO PRINCIPIANTES,KATA,MASCULINO,15,PRINCIPIANTES,8,7,840,1114,274
699,3,2025,A37,14-15 AÑOS FEMENINO NOVATOS,KATA,FEMENINO,15,NOVATOS,9,8,960,1017,57
700,3,2025,A38,14-15 AÑOS MASCULINO NOVATOS,KATA,MASCULINO,15,NOVATOS,1,0,0,0,0
701,3,2025,A39,14-15 AÑOS FEMENINO AVANZADOS,KATA,FEMENINO,15,AVANZADOS,7,6,720,912,192
702,3,2025,A40,14-15 AÑOS MASCULINO AVANZADOS,KATA,MASCULINO,15,AVANZADOS,0,0,0,0,0
703,3,2025,A41,14-15 AÑOS FEMENINO EXPERTOS,KATA,FEMENINO,15,EXPERTOS,8,7,840,1136,296
704,3,2025,A42,14-15 AÑOS MASCULINO EXPERTOS,KATA,MASCULINO,15,EXPERTOS,4,3,360,442,82
705,3,2025,A43,16-17 AÑOS FEMENINO PRINCIPIANTES,KATA,FEMENINO,17,PRINCIPIANTES,8,7,840,1019,179
706,3,2025,A44,16-17 AÑOS MASCULINO PRINCIPIANTES,KATA,MASCULINO,17,PRINCIPIANTES,2,1,120,154,34
707,3,2025,A45,16-17 AÑOS FEMENINO NOVATOS,KATA,FEMENINO,17,NOVATOS,1,0,0,0,0
708,3,2025,A46,16-17 AÑOS MASCULINO NOVATOS,KATA,MASCULINO,17,NOVATOS,3,2,240,295,55
709,3,2025,A47,16-17 AÑOS FEMENINO AVANZADOS,KATA,FEMENINO,17,AVANZADOS,19,18,2160,3000,840
710,3,2025,A48,16-17 AÑOS MASCULINO AVANZADOS,KATA,MASCULINO,17,AVANZADOS,7,6,720,819,99
711,3,2025,A49,16-17 AÑOS FEMENINO EXPERTOS,KATA,FEMENINO,17,EXPERTOS,0,0,0,0,0
712,3,2025,A50,16-17 AÑOS MASCULINO EXPERTOS,KATA,MASCULINO,17,EXPERTOS,1,0,0,0,0
713,3,2025,A51,FEMENINO PRINCIPIANTES,KATA,FEMENINO,18,PRINCIPIANTES,1,0,0,0,0
714,3,2025,A52,MASCULINO PRINCIPIANTES,KATA,MASCULINO,18,PRINCIPIANTES,6,5,900,1120,220
715,3,2025,A53,FEMENINO NOVATOS,KATA,FEMENINO,18,NOVATOS,9,8,1440,1829,389
716,3,2025,A54,MASCULINO NOVATOS,KATA,MASCULINO,18,NOVATOS,2,1,180,218,38
717,3,2025,A55,FEMENINO AVANZADOS,KATA,FEMENINO,18,AVANZADOS,2,1,180,180,0
718,3,2025,A56,MASCULINO AVANZADOS,KATA,MASCULINO,18,AVANZADOS,10,9,1620,1998,378
719,3,2025,A57,FEMENINO EXPERTOS,KATA,FEMENINO,18,EXPERTOS,5,4,720,964,244
720,3,2025,A58,MASCULINO EXPERTOS,KATA,MASCULINO,18,EXPERTOS,1,0,0,0,0
721,3,2025,A59,FEMENINO PRINCIPIANTES,KATA,FEMENINO,18,PRINCIPIANTES,1,0,0,0,0
722,3,2025,A60,MASCULINO PRINCIPIANTES,KATA,MASCULINO,18,PRINCIPIANTES,3,2,360,478,118
723,3,2025,A61,FEMENINO NOVATOS,KATA,FEMENINO,18,NOVATOS,3,2,360,462,102
724,3,2025,A62,MASCULINO NOVATOS,KATA,MASCULINO,18,NOVATOS,5,4,720,820,100
725,3,2025,A63,FEMENINO AVANZADOS,KATA,FEMENINO,18,AVANZADOS,7,6,1080,1392,312
726,3,2025,A64,MASCULINO AVANZADOS,KATA,MASCULINO,18,AVANZADOS,9,8,1440,1717,277
727,3,2025,A65,FEMENINO EXPERTOS,KATA,FEMENINO,18,EXPERTOS,4,3,540,694,154
728,3,2025,A66,MASCULINO EXPERTOS,KATA,MASCULINO,18,EXPERTOS,6,5,900,1135,235
729,3,2025,A67,K21 INTELECTUAL,PARA-KARATE,MASCULINO,18,GENERAL,0,0,0,0,0
730,3,2025,A68,K21 INTELECTUAL,PARA-KARATE,FEMENINO,18,GENERAL,0,0,0,0,0
731,3,2025,A69,K22 SÍNDROME DE DOWN,PARA-KARATE,MASCULINO,18,GENERAL,1,0,0,0,0
732,3,2025,A70,K22 SÍNDROME DE DOWN,PARA-KARATE,FEMENINO,18,GENERAL,0,0,0,0,0
733,3,2025,A71,K23 AUTISMO,PARA-KARATE,MASCULINO,18,GENERAL,2,1,180,239,59
734,3,2025,A72,K23 AUTISMO,PARA-KARATE,FEMENINO,18,GENERAL,2,1,180,202,22
735,3,2025,A73,K11 VISUAL MODERADO,PARA-KARATE,MASCULINO,18,GENERAL,1,0,0,0,0
736,3,2025,A74,K11 VISUAL MODERADO,PARA-KARATE,FEMENINO,18,GENERAL,3,2,360,460,100
737,3,2025,A75,K12 VISUAL SEVERO,PARA-KARATE,MASCULINO,18,GENERAL,4,3,540,601,61
738,3,2025,A76,K12 VISUAL SEVERO,PARA-KARATE,FEMENINO,18,GENERAL,4,3,540,700,160
739,3,2025,A77,K30 SILLAS DE RUEDAS,PARA-KARATE,MASCULINO,18,GENERAL,1,0,0,0,0
740,3,2025,A78,K30 SILLAS DE RUEDAS,PARA-KARATE,FEMENINO,18,GENERAL,0,0,0,0,0
741,3,2025,A79,K40 FÍSICO DE PIE,PARA-KARATE,MASCULINO,18,GENERAL,1,0,0,0,0
742,3,2025,A80,K40 FÍSICO DE PIE,PARA-KARATE,FEMENINO,18,GENERAL,0,0,0,0,0
743,3,2025,A81,K50 SORDOLIMPICOS,PARA-KARATE,MASCULINO,18,GENERAL,2,1,180,224,44
744,3,2025,A82,K50 SORDOLIMPICOS,PARA-KARATE,FEMENINO,18,GENERAL,6,5,900,979,79